dataset,split_folder,source_index,category,original_width,original_height,path
COCO 2014,train2014,0,content,640,480,data/coco/train2014/COCO_train2014_000000000009.jpg
COCO 2014,train2014,1,content,640,426,data/coco/train2014/COCO_train2014_000000000025.jpg
COCO 2014,train2014,2,content,640,428,data/coco/train2014/COCO_train2014_000000000030.jpg
COCO 2014,train2014,3,content,640,425,data/coco/train2014/COCO_train2014_000000000034.jpg
COCO 2014,train2014,4,content,481,640,data/coco/train2014/COCO_train2014_000000000036.jpg
COCO 2014,train2014,5,content,381,500,data/coco/train2014/COCO_train2014_000000000049.jpg
COCO 2014,train2014,6,content,640,488,data/coco/train2014/COCO_train2014_000000000061.jpg
COCO 2014,train2014,7,content,480,640,data/coco/train2014/COCO_train2014_000000000064.jpg
COCO 2014,train2014,8,content,640,426,data/coco/train2014/COCO_train2014_000000000071.jpg
COCO 2014,train2014,9,content,427,640,data/coco/train2014/COCO_train2014_000000000072.jpg
COCO 2014,train2014,10,content,500,375,data/coco/train2014/COCO_train2014_000000000077.jpg
COCO 2014,train2014,11,content,612,612,data/coco/train2014/COCO_train2014_000000000078.jpg
COCO 2014,train2014,12,content,640,425,data/coco/train2014/COCO_train2014_000000000081.jpg
COCO 2014,train2014,13,content,512,640,data/coco/train2014/COCO_train2014_000000000086.jpg
COCO 2014,train2014,14,content,640,480,data/coco/train2014/COCO_train2014_000000000089.jpg
COCO 2014,train2014,15,content,640,427,data/coco/train2014/COCO_train2014_000000000092.jpg
COCO 2014,train2014,16,content,640,427,data/coco/train2014/COCO_train2014_000000000094.jpg
COCO 2014,train2014,17,content,640,416,data/coco/train2014/COCO_train2014_000000000109.jpg
COCO 2014,train2014,18,content,640,480,data/coco/train2014/COCO_train2014_000000000110.jpg
COCO 2014,train2014,19,content,416,640,data/coco/train2014/COCO_train2014_000000000113.jpg
COCO 2014,train2014,20,content,640,481,data/coco/train2014/COCO_train2014_000000000127.jpg
COCO 2014,train2014,21,content,640,573,data/coco/train2014/COCO_train2014_000000000138.jpg
COCO 2014,train2014,22,content,480,640,data/coco/train2014/COCO_train2014_000000000142.jpg
COCO 2014,train2014,23,content,640,480,data/coco/train2014/COCO_train2014_000000000144.jpg
COCO 2014,train2014,24,content,640,428,data/coco/train2014/COCO_train2014_000000000149.jpg
COCO 2014,train2014,25,content,480,640,data/coco/train2014/COCO_train2014_000000000151.jpg
COCO 2014,train2014,26,content,427,640,data/coco/train2014/COCO_train2014_000000000154.jpg
COCO 2014,train2014,27,content,640,536,data/coco/train2014/COCO_train2014_000000000165.jpg
COCO 2014,train2014,28,content,640,480,data/coco/train2014/COCO_train2014_000000000194.jpg
COCO 2014,train2014,29,content,640,428,data/coco/train2014/COCO_train2014_000000000201.jpg
COCO 2014,train2014,30,content,640,424,data/coco/train2014/COCO_train2014_000000000247.jpg
COCO 2014,train2014,31,content,640,480,data/coco/train2014/COCO_train2014_000000000250.jpg
COCO 2014,train2014,32,content,500,333,data/coco/train2014/COCO_train2014_000000000260.jpg
COCO 2014,train2014,33,content,591,640,data/coco/train2014/COCO_train2014_000000000263.jpg
COCO 2014,train2014,34,content,640,480,data/coco/train2014/COCO_train2014_000000000307.jpg
COCO 2014,train2014,35,content,640,426,data/coco/train2014/COCO_train2014_000000000308.jpg
COCO 2014,train2014,36,content,600,600,data/coco/train2014/COCO_train2014_000000000309.jpg
COCO 2014,train2014,37,content,640,427,data/coco/train2014/COCO_train2014_000000000312.jpg
COCO 2014,train2014,38,content,640,427,data/coco/train2014/COCO_train2014_000000000315.jpg
COCO 2014,train2014,39,content,640,480,data/coco/train2014/COCO_train2014_000000000321.jpg
COCO 2014,train2014,40,content,640,481,data/coco/train2014/COCO_train2014_000000000322.jpg
COCO 2014,train2014,41,content,640,427,data/coco/train2014/COCO_train2014_000000000326.jpg
COCO 2014,train2014,42,content,640,480,data/coco/train2014/COCO_train2014_000000000332.jpg
COCO 2014,train2014,43,content,640,480,data/coco/train2014/COCO_train2014_000000000349.jpg
COCO 2014,train2014,44,content,480,640,data/coco/train2014/COCO_train2014_000000000368.jpg
COCO 2014,train2014,45,content,480,640,data/coco/train2014/COCO_train2014_000000000370.jpg
COCO 2014,train2014,46,content,640,480,data/coco/train2014/COCO_train2014_000000000382.jpg
COCO 2014,train2014,47,content,446,640,data/coco/train2014/COCO_train2014_000000000384.jpg
COCO 2014,train2014,48,content,640,480,data/coco/train2014/COCO_train2014_000000000389.jpg
COCO 2014,train2014,49,content,640,611,data/coco/train2014/COCO_train2014_000000000394.jpg
COCO 2014,train2014,50,content,426,640,data/coco/train2014/COCO_train2014_000000000404.jpg
COCO 2014,train2014,51,content,640,480,data/coco/train2014/COCO_train2014_000000000419.jpg
COCO 2014,train2014,52,content,640,389,data/coco/train2014/COCO_train2014_000000000431.jpg
COCO 2014,train2014,53,content,427,640,data/coco/train2014/COCO_train2014_000000000436.jpg
COCO 2014,train2014,54,content,640,480,data/coco/train2014/COCO_train2014_000000000438.jpg
COCO 2014,train2014,55,content,640,480,data/coco/train2014/COCO_train2014_000000000443.jpg
COCO 2014,train2014,56,content,480,640,data/coco/train2014/COCO_train2014_000000000446.jpg
COCO 2014,train2014,57,content,640,480,data/coco/train2014/COCO_train2014_000000000450.jpg
COCO 2014,train2014,58,content,640,427,data/coco/train2014/COCO_train2014_000000000471.jpg
COCO 2014,train2014,59,content,500,495,data/coco/train2014/COCO_train2014_000000000490.jpg
COCO 2014,train2014,60,content,500,313,data/coco/train2014/COCO_train2014_000000000491.jpg
COCO 2014,train2014,61,content,640,480,data/coco/train2014/COCO_train2014_000000000508.jpg
COCO 2014,train2014,62,content,640,480,data/coco/train2014/COCO_train2014_000000000510.jpg
COCO 2014,train2014,63,content,360,640,data/coco/train2014/COCO_train2014_000000000514.jpg
COCO 2014,train2014,64,content,427,640,data/coco/train2014/COCO_train2014_000000000529.jpg
COCO 2014,train2014,65,content,640,480,data/coco/train2014/COCO_train2014_000000000531.jpg
COCO 2014,train2014,66,content,640,480,data/coco/train2014/COCO_train2014_000000000532.jpg
COCO 2014,train2014,67,content,640,425,data/coco/train2014/COCO_train2014_000000000540.jpg
COCO 2014,train2014,68,content,640,484,data/coco/train2014/COCO_train2014_000000000542.jpg
COCO 2014,train2014,69,content,460,312,data/coco/train2014/COCO_train2014_000000000560.jpg
COCO 2014,train2014,70,content,423,640,data/coco/train2014/COCO_train2014_000000000562.jpg
COCO 2014,train2014,71,content,427,640,data/coco/train2014/COCO_train2014_000000000572.jpg
COCO 2014,train2014,72,content,640,513,data/coco/train2014/COCO_train2014_000000000575.jpg
COCO 2014,train2014,73,content,473,500,data/coco/train2014/COCO_train2014_000000000581.jpg
COCO 2014,train2014,74,content,640,426,data/coco/train2014/COCO_train2014_000000000584.jpg
COCO 2014,train2014,75,content,640,480,data/coco/train2014/COCO_train2014_000000000595.jpg
COCO 2014,train2014,76,content,640,248,data/coco/train2014/COCO_train2014_000000000597.jpg
COCO 2014,train2014,77,content,640,480,data/coco/train2014/COCO_train2014_000000000605.jpg
COCO 2014,train2014,78,content,640,480,data/coco/train2014/COCO_train2014_000000000612.jpg
COCO 2014,train2014,79,content,480,640,data/coco/train2014/COCO_train2014_000000000620.jpg
COCO 2014,train2014,80,content,640,446,data/coco/train2014/COCO_train2014_000000000625.jpg
COCO 2014,train2014,81,content,640,427,data/coco/train2014/COCO_train2014_000000000629.jpg
COCO 2014,train2014,82,content,427,640,data/coco/train2014/COCO_train2014_000000000634.jpg
COCO 2014,train2014,83,content,500,375,data/coco/train2014/COCO_train2014_000000000643.jpg
COCO 2014,train2014,84,content,640,427,data/coco/train2014/COCO_train2014_000000000650.jpg
COCO 2014,train2014,85,content,640,472,data/coco/train2014/COCO_train2014_000000000656.jpg
COCO 2014,train2014,86,content,640,425,data/coco/train2014/COCO_train2014_000000000659.jpg
COCO 2014,train2014,87,content,640,427,data/coco/train2014/COCO_train2014_000000000670.jpg
COCO 2014,train2014,88,content,640,427,data/coco/train2014/COCO_train2014_000000000671.jpg
COCO 2014,train2014,89,content,640,481,data/coco/train2014/COCO_train2014_000000000673.jpg
COCO 2014,train2014,90,content,480,640,data/coco/train2014/COCO_train2014_000000000681.jpg
COCO 2014,train2014,91,content,612,612,data/coco/train2014/COCO_train2014_000000000684.jpg
COCO 2014,train2014,92,content,640,480,data/coco/train2014/COCO_train2014_000000000690.jpg
COCO 2014,train2014,93,content,428,640,data/coco/train2014/COCO_train2014_000000000706.jpg
COCO 2014,train2014,94,content,500,333,data/coco/train2014/COCO_train2014_000000000714.jpg
COCO 2014,train2014,95,content,640,480,data/coco/train2014/COCO_train2014_000000000716.jpg
COCO 2014,train2014,96,content,640,457,data/coco/train2014/COCO_train2014_000000000722.jpg
COCO 2014,train2014,97,content,359,640,data/coco/train2014/COCO_train2014_000000000723.jpg
COCO 2014,train2014,98,content,640,480,data/coco/train2014/COCO_train2014_000000000731.jpg
COCO 2014,train2014,99,content,640,361,data/coco/train2014/COCO_train2014_000000000735.jpg
COCO 2014,train2014,100,content,426,640,data/coco/train2014/COCO_train2014_000000000753.jpg
COCO 2014,train2014,101,content,429,640,data/coco/train2014/COCO_train2014_000000000754.jpg
COCO 2014,train2014,102,content,640,427,data/coco/train2014/COCO_train2014_000000000762.jpg
COCO 2014,train2014,103,content,612,612,data/coco/train2014/COCO_train2014_000000000781.jpg
COCO 2014,train2014,104,content,640,422,data/coco/train2014/COCO_train2014_000000000790.jpg
COCO 2014,train2014,105,content,500,332,data/coco/train2014/COCO_train2014_000000000795.jpg
COCO 2014,train2014,106,content,640,360,data/coco/train2014/COCO_train2014_000000000797.jpg
COCO 2014,train2014,107,content,640,360,data/coco/train2014/COCO_train2014_000000000801.jpg
COCO 2014,train2014,108,content,640,393,data/coco/train2014/COCO_train2014_000000000813.jpg
COCO 2014,train2014,109,content,512,640,data/coco/train2014/COCO_train2014_000000000821.jpg
COCO 2014,train2014,110,content,640,480,data/coco/train2014/COCO_train2014_000000000825.jpg
COCO 2014,train2014,111,content,640,431,data/coco/train2014/COCO_train2014_000000000828.jpg
COCO 2014,train2014,112,content,640,575,data/coco/train2014/COCO_train2014_000000000839.jpg
COCO 2014,train2014,113,content,640,480,data/coco/train2014/COCO_train2014_000000000853.jpg
COCO 2014,train2014,114,content,640,427,data/coco/train2014/COCO_train2014_000000000882.jpg
COCO 2014,train2014,115,content,640,427,data/coco/train2014/COCO_train2014_000000000897.jpg
COCO 2014,train2014,116,content,460,640,data/coco/train2014/COCO_train2014_000000000901.jpg
COCO 2014,train2014,117,content,640,427,data/coco/train2014/COCO_train2014_000000000902.jpg
COCO 2014,train2014,118,content,612,612,data/coco/train2014/COCO_train2014_000000000908.jpg
COCO 2014,train2014,119,content,327,500,data/coco/train2014/COCO_train2014_000000000909.jpg
COCO 2014,train2014,120,content,640,512,data/coco/train2014/COCO_train2014_000000000913.jpg
COCO 2014,train2014,121,content,392,500,data/coco/train2014/COCO_train2014_000000000925.jpg
COCO 2014,train2014,122,content,612,612,data/coco/train2014/COCO_train2014_000000000927.jpg
COCO 2014,train2014,123,content,640,480,data/coco/train2014/COCO_train2014_000000000934.jpg
COCO 2014,train2014,124,content,500,375,data/coco/train2014/COCO_train2014_000000000941.jpg
COCO 2014,train2014,125,content,640,360,data/coco/train2014/COCO_train2014_000000000943.jpg
COCO 2014,train2014,126,content,480,640,data/coco/train2014/COCO_train2014_000000000955.jpg
COCO 2014,train2014,127,content,427,640,data/coco/train2014/COCO_train2014_000000000960.jpg
COCO 2014,train2014,128,content,640,480,data/coco/train2014/COCO_train2014_000000000965.jpg
COCO 2014,train2014,129,content,640,369,data/coco/train2014/COCO_train2014_000000000977.jpg
COCO 2014,train2014,130,content,480,640,data/coco/train2014/COCO_train2014_000000000982.jpg
COCO 2014,train2014,131,content,480,640,data/coco/train2014/COCO_train2014_000000000984.jpg
COCO 2014,train2014,132,content,480,640,data/coco/train2014/COCO_train2014_000000000996.jpg
COCO 2014,train2014,133,content,427,640,data/coco/train2014/COCO_train2014_000000001006.jpg
COCO 2014,train2014,134,content,640,480,data/coco/train2014/COCO_train2014_000000001011.jpg
COCO 2014,train2014,135,content,640,480,data/coco/train2014/COCO_train2014_000000001014.jpg
COCO 2014,train2014,136,content,640,427,data/coco/train2014/COCO_train2014_000000001025.jpg
COCO 2014,train2014,137,content,612,612,data/coco/train2014/COCO_train2014_000000001036.jpg
COCO 2014,train2014,138,content,640,419,data/coco/train2014/COCO_train2014_000000001053.jpg
COCO 2014,train2014,139,content,640,427,data/coco/train2014/COCO_train2014_000000001059.jpg
COCO 2014,train2014,140,content,640,428,data/coco/train2014/COCO_train2014_000000001072.jpg
COCO 2014,train2014,141,content,640,480,data/coco/train2014/COCO_train2014_000000001084.jpg
COCO 2014,train2014,142,content,640,480,data/coco/train2014/COCO_train2014_000000001085.jpg
COCO 2014,train2014,143,content,443,640,data/coco/train2014/COCO_train2014_000000001090.jpg
COCO 2014,train2014,144,content,640,532,data/coco/train2014/COCO_train2014_000000001098.jpg
COCO 2014,train2014,145,content,640,480,data/coco/train2014/COCO_train2014_000000001099.jpg
COCO 2014,train2014,146,content,424,640,data/coco/train2014/COCO_train2014_000000001102.jpg
COCO 2014,train2014,147,content,640,424,data/coco/train2014/COCO_train2014_000000001107.jpg
COCO 2014,train2014,148,content,640,453,data/coco/train2014/COCO_train2014_000000001108.jpg
COCO 2014,train2014,149,content,640,480,data/coco/train2014/COCO_train2014_000000001111.jpg
COCO 2014,train2014,150,content,640,424,data/coco/train2014/COCO_train2014_000000001122.jpg
COCO 2014,train2014,151,content,427,640,data/coco/train2014/COCO_train2014_000000001139.jpg
COCO 2014,train2014,152,content,640,480,data/coco/train2014/COCO_train2014_000000001144.jpg
COCO 2014,train2014,153,content,640,480,data/coco/train2014/COCO_train2014_000000001145.jpg
COCO 2014,train2014,154,content,500,332,data/coco/train2014/COCO_train2014_000000001155.jpg
COCO 2014,train2014,155,content,500,274,data/coco/train2014/COCO_train2014_000000001166.jpg
COCO 2014,train2014,156,content,640,359,data/coco/train2014/COCO_train2014_000000001168.jpg
COCO 2014,train2014,157,content,640,480,data/coco/train2014/COCO_train2014_000000001183.jpg
COCO 2014,train2014,158,content,480,640,data/coco/train2014/COCO_train2014_000000001200.jpg
COCO 2014,train2014,159,content,480,640,data/coco/train2014/COCO_train2014_000000001204.jpg
COCO 2014,train2014,160,content,480,640,data/coco/train2014/COCO_train2014_000000001213.jpg
COCO 2014,train2014,161,content,640,435,data/coco/train2014/COCO_train2014_000000001216.jpg
COCO 2014,train2014,162,content,640,427,data/coco/train2014/COCO_train2014_000000001224.jpg
COCO 2014,train2014,163,content,640,463,data/coco/train2014/COCO_train2014_000000001232.jpg
COCO 2014,train2014,164,content,640,522,data/coco/train2014/COCO_train2014_000000001237.jpg
COCO 2014,train2014,165,content,640,335,data/coco/train2014/COCO_train2014_000000001238.jpg
COCO 2014,train2014,166,content,640,480,data/coco/train2014/COCO_train2014_000000001261.jpg
COCO 2014,train2014,167,content,640,480,data/coco/train2014/COCO_train2014_000000001264.jpg
COCO 2014,train2014,168,content,640,492,data/coco/train2014/COCO_train2014_000000001271.jpg
COCO 2014,train2014,169,content,426,640,data/coco/train2014/COCO_train2014_000000001282.jpg
COCO 2014,train2014,170,content,480,640,data/coco/train2014/COCO_train2014_000000001295.jpg
COCO 2014,train2014,171,content,640,428,data/coco/train2014/COCO_train2014_000000001298.jpg
COCO 2014,train2014,172,content,500,333,data/coco/train2014/COCO_train2014_000000001306.jpg
COCO 2014,train2014,173,content,480,640,data/coco/train2014/COCO_train2014_000000001307.jpg
COCO 2014,train2014,174,content,640,426,data/coco/train2014/COCO_train2014_000000001308.jpg
COCO 2014,train2014,175,content,640,482,data/coco/train2014/COCO_train2014_000000001311.jpg
COCO 2014,train2014,176,content,480,640,data/coco/train2014/COCO_train2014_000000001315.jpg
COCO 2014,train2014,177,content,518,600,data/coco/train2014/COCO_train2014_000000001319.jpg
COCO 2014,train2014,178,content,640,480,data/coco/train2014/COCO_train2014_000000001323.jpg
COCO 2014,train2014,179,content,480,640,data/coco/train2014/COCO_train2014_000000001330.jpg
COCO 2014,train2014,180,content,640,419,data/coco/train2014/COCO_train2014_000000001332.jpg
COCO 2014,train2014,181,content,640,498,data/coco/train2014/COCO_train2014_000000001350.jpg
COCO 2014,train2014,182,content,640,480,data/coco/train2014/COCO_train2014_000000001355.jpg
COCO 2014,train2014,183,content,427,640,data/coco/train2014/COCO_train2014_000000001359.jpg
COCO 2014,train2014,184,content,612,612,data/coco/train2014/COCO_train2014_000000001360.jpg
COCO 2014,train2014,185,content,500,374,data/coco/train2014/COCO_train2014_000000001366.jpg
COCO 2014,train2014,186,content,640,428,data/coco/train2014/COCO_train2014_000000001375.jpg
COCO 2014,train2014,187,content,640,463,data/coco/train2014/COCO_train2014_000000001381.jpg
COCO 2014,train2014,188,content,640,480,data/coco/train2014/COCO_train2014_000000001386.jpg
COCO 2014,train2014,189,content,640,480,data/coco/train2014/COCO_train2014_000000001390.jpg
COCO 2014,train2014,190,content,480,640,data/coco/train2014/COCO_train2014_000000001392.jpg
COCO 2014,train2014,191,content,640,427,data/coco/train2014/COCO_train2014_000000001397.jpg
COCO 2014,train2014,192,content,354,500,data/coco/train2014/COCO_train2014_000000001401.jpg
COCO 2014,train2014,193,content,640,480,data/coco/train2014/COCO_train2014_000000001403.jpg
COCO 2014,train2014,194,content,428,640,data/coco/train2014/COCO_train2014_000000001407.jpg
COCO 2014,train2014,195,content,640,428,data/coco/train2014/COCO_train2014_000000001408.jpg
COCO 2014,train2014,196,content,640,480,data/coco/train2014/COCO_train2014_000000001424.jpg
COCO 2014,train2014,197,content,640,428,data/coco/train2014/COCO_train2014_000000001431.jpg
COCO 2014,train2014,198,content,640,428,data/coco/train2014/COCO_train2014_000000001451.jpg
COCO 2014,train2014,199,content,600,464,data/coco/train2014/COCO_train2014_000000001453.jpg
COCO 2014,train2014,200,content,500,375,data/coco/train2014/COCO_train2014_000000001455.jpg
COCO 2014,train2014,201,content,640,463,data/coco/train2014/COCO_train2014_000000001472.jpg
COCO 2014,train2014,202,content,640,427,data/coco/train2014/COCO_train2014_000000001488.jpg
COCO 2014,train2014,203,content,612,612,data/coco/train2014/COCO_train2014_000000001496.jpg
COCO 2014,train2014,204,content,424,640,data/coco/train2014/COCO_train2014_000000001497.jpg
COCO 2014,train2014,205,content,427,640,data/coco/train2014/COCO_train2014_000000001501.jpg
COCO 2014,train2014,206,content,427,640,data/coco/train2014/COCO_train2014_000000001505.jpg
COCO 2014,train2014,207,content,612,612,data/coco/train2014/COCO_train2014_000000001507.jpg
COCO 2014,train2014,208,content,640,480,data/coco/train2014/COCO_train2014_000000001510.jpg
COCO 2014,train2014,209,content,640,425,data/coco/train2014/COCO_train2014_000000001515.jpg
COCO 2014,train2014,210,content,640,480,data/coco/train2014/COCO_train2014_000000001518.jpg
COCO 2014,train2014,211,content,500,375,data/coco/train2014/COCO_train2014_000000001522.jpg
COCO 2014,train2014,212,content,640,480,data/coco/train2014/COCO_train2014_000000001523.jpg
COCO 2014,train2014,213,content,480,640,data/coco/train2014/COCO_train2014_000000001526.jpg
COCO 2014,train2014,214,content,640,480,data/coco/train2014/COCO_train2014_000000001527.jpg
COCO 2014,train2014,215,content,640,480,data/coco/train2014/COCO_train2014_000000001536.jpg
COCO 2014,train2014,216,content,640,427,data/coco/train2014/COCO_train2014_000000001548.jpg
COCO 2014,train2014,217,content,640,480,data/coco/train2014/COCO_train2014_000000001558.jpg
COCO 2014,train2014,218,content,500,337,data/coco/train2014/COCO_train2014_000000001562.jpg
COCO 2014,train2014,219,content,500,335,data/coco/train2014/COCO_train2014_000000001569.jpg
COCO 2014,train2014,220,content,640,258,data/coco/train2014/COCO_train2014_000000001579.jpg
COCO 2014,train2014,221,content,640,480,data/coco/train2014/COCO_train2014_000000001580.jpg
COCO 2014,train2014,222,content,640,425,data/coco/train2014/COCO_train2014_000000001586.jpg
COCO 2014,train2014,223,content,640,562,data/coco/train2014/COCO_train2014_000000001589.jpg
COCO 2014,train2014,224,content,500,419,data/coco/train2014/COCO_train2014_000000001596.jpg
COCO 2014,train2014,225,content,640,427,data/coco/train2014/COCO_train2014_000000001611.jpg
COCO 2014,train2014,226,content,333,500,data/coco/train2014/COCO_train2014_000000001622.jpg
COCO 2014,train2014,227,content,482,500,data/coco/train2014/COCO_train2014_000000001625.jpg
COCO 2014,train2014,228,content,640,427,data/coco/train2014/COCO_train2014_000000001637.jpg
COCO 2014,train2014,229,content,640,427,data/coco/train2014/COCO_train2014_000000001639.jpg
COCO 2014,train2014,230,content,612,612,data/coco/train2014/COCO_train2014_000000001645.jpg
COCO 2014,train2014,231,content,640,480,data/coco/train2014/COCO_train2014_000000001670.jpg
COCO 2014,train2014,232,content,640,480,data/coco/train2014/COCO_train2014_000000001674.jpg
COCO 2014,train2014,233,content,500,333,data/coco/train2014/COCO_train2014_000000001681.jpg
COCO 2014,train2014,234,content,640,640,data/coco/train2014/COCO_train2014_000000001688.jpg
COCO 2014,train2014,235,content,500,375,data/coco/train2014/COCO_train2014_000000001697.jpg
COCO 2014,train2014,236,content,640,518,data/coco/train2014/COCO_train2014_000000001706.jpg
COCO 2014,train2014,237,content,640,480,data/coco/train2014/COCO_train2014_000000001709.jpg
COCO 2014,train2014,238,content,640,425,data/coco/train2014/COCO_train2014_000000001712.jpg
COCO 2014,train2014,239,content,640,426,data/coco/train2014/COCO_train2014_000000001720.jpg
COCO 2014,train2014,240,content,640,494,data/coco/train2014/COCO_train2014_000000001732.jpg
COCO 2014,train2014,241,content,640,427,data/coco/train2014/COCO_train2014_000000001737.jpg
COCO 2014,train2014,242,content,640,480,data/coco/train2014/COCO_train2014_000000001756.jpg
COCO 2014,train2014,243,content,480,640,data/coco/train2014/COCO_train2014_000000001762.jpg
COCO 2014,train2014,244,content,500,375,data/coco/train2014/COCO_train2014_000000001764.jpg
COCO 2014,train2014,245,content,640,427,data/coco/train2014/COCO_train2014_000000001771.jpg
COCO 2014,train2014,246,content,640,424,data/coco/train2014/COCO_train2014_000000001774.jpg
COCO 2014,train2014,247,content,640,480,data/coco/train2014/COCO_train2014_000000001777.jpg
COCO 2014,train2014,248,content,640,480,data/coco/train2014/COCO_train2014_000000001781.jpg
COCO 2014,train2014,249,content,640,480,data/coco/train2014/COCO_train2014_000000001785.jpg
COCO 2014,train2014,250,content,640,278,data/coco/train2014/COCO_train2014_000000001786.jpg
COCO 2014,train2014,251,content,458,640,data/coco/train2014/COCO_train2014_000000001790.jpg
COCO 2014,train2014,252,content,640,430,data/coco/train2014/COCO_train2014_000000001792.jpg
COCO 2014,train2014,253,content,640,480,data/coco/train2014/COCO_train2014_000000001804.jpg
COCO 2014,train2014,254,content,500,500,data/coco/train2014/COCO_train2014_000000001810.jpg
COCO 2014,train2014,255,content,640,640,data/coco/train2014/COCO_train2014_000000001811.jpg
COCO 2014,train2014,256,content,375,500,data/coco/train2014/COCO_train2014_000000001813.jpg
COCO 2014,train2014,257,content,564,640,data/coco/train2014/COCO_train2014_000000001815.jpg
COCO 2014,train2014,258,content,640,480,data/coco/train2014/COCO_train2014_000000001822.jpg
COCO 2014,train2014,259,content,500,353,data/coco/train2014/COCO_train2014_000000001837.jpg
COCO 2014,train2014,260,content,640,413,data/coco/train2014/COCO_train2014_000000001864.jpg
COCO 2014,train2014,261,content,473,640,data/coco/train2014/COCO_train2014_000000001875.jpg
COCO 2014,train2014,262,content,640,480,data/coco/train2014/COCO_train2014_000000001877.jpg
COCO 2014,train2014,263,content,640,427,data/coco/train2014/COCO_train2014_000000001888.jpg
COCO 2014,train2014,264,content,500,375,data/coco/train2014/COCO_train2014_000000001895.jpg
COCO 2014,train2014,265,content,640,233,data/coco/train2014/COCO_train2014_000000001900.jpg
COCO 2014,train2014,266,content,550,640,data/coco/train2014/COCO_train2014_000000001902.jpg
COCO 2014,train2014,267,content,500,333,data/coco/train2014/COCO_train2014_000000001906.jpg
COCO 2014,train2014,268,content,640,427,data/coco/train2014/COCO_train2014_000000001907.jpg
COCO 2014,train2014,269,content,640,332,data/coco/train2014/COCO_train2014_000000001911.jpg
COCO 2014,train2014,270,content,640,425,data/coco/train2014/COCO_train2014_000000001912.jpg
COCO 2014,train2014,271,content,640,426,data/coco/train2014/COCO_train2014_000000001915.jpg
COCO 2014,train2014,272,content,640,544,data/coco/train2014/COCO_train2014_000000001924.jpg
COCO 2014,train2014,273,content,640,480,data/coco/train2014/COCO_train2014_000000001926.jpg
COCO 2014,train2014,274,content,640,453,data/coco/train2014/COCO_train2014_000000001941.jpg
COCO 2014,train2014,275,content,640,640,data/coco/train2014/COCO_train2014_000000001942.jpg
COCO 2014,train2014,276,content,480,252,data/coco/train2014/COCO_train2014_000000001943.jpg
COCO 2014,train2014,277,content,500,375,data/coco/train2014/COCO_train2014_000000001947.jpg
COCO 2014,train2014,278,content,640,480,data/coco/train2014/COCO_train2014_000000001958.jpg
COCO 2014,train2014,279,content,640,480,data/coco/train2014/COCO_train2014_000000001966.jpg
COCO 2014,train2014,280,content,640,480,data/coco/train2014/COCO_train2014_000000001994.jpg
COCO 2014,train2014,281,content,640,427,data/coco/train2014/COCO_train2014_000000001997.jpg
COCO 2014,train2014,282,content,640,429,data/coco/train2014/COCO_train2014_000000001999.jpg
COCO 2014,train2014,283,content,640,426,data/coco/train2014/COCO_train2014_000000002001.jpg
COCO 2014,train2014,284,content,640,480,data/coco/train2014/COCO_train2014_000000002007.jpg
COCO 2014,train2014,285,content,640,480,data/coco/train2014/COCO_train2014_000000002024.jpg
COCO 2014,train2014,286,content,480,640,data/coco/train2014/COCO_train2014_000000002055.jpg
COCO 2014,train2014,287,content,640,425,data/coco/train2014/COCO_train2014_000000002056.jpg
COCO 2014,train2014,288,content,375,500,data/coco/train2014/COCO_train2014_000000002066.jpg
COCO 2014,train2014,289,content,640,480,data/coco/train2014/COCO_train2014_000000002068.jpg
COCO 2014,train2014,290,content,640,427,data/coco/train2014/COCO_train2014_000000002072.jpg
COCO 2014,train2014,291,content,640,428,data/coco/train2014/COCO_train2014_000000002083.jpg
COCO 2014,train2014,292,content,640,462,data/coco/train2014/COCO_train2014_000000002089.jpg
COCO 2014,train2014,293,content,640,480,data/coco/train2014/COCO_train2014_000000002093.jpg
COCO 2014,train2014,294,content,428,640,data/coco/train2014/COCO_train2014_000000002106.jpg
COCO 2014,train2014,295,content,640,427,data/coco/train2014/COCO_train2014_000000002114.jpg
COCO 2014,train2014,296,content,480,640,data/coco/train2014/COCO_train2014_000000002135.jpg
COCO 2014,train2014,297,content,427,640,data/coco/train2014/COCO_train2014_000000002148.jpg
COCO 2014,train2014,298,content,501,640,data/coco/train2014/COCO_train2014_000000002150.jpg
COCO 2014,train2014,299,content,482,640,data/coco/train2014/COCO_train2014_000000002178.jpg
COCO 2014,train2014,300,content,640,427,data/coco/train2014/COCO_train2014_000000002184.jpg
COCO 2014,train2014,301,content,500,333,data/coco/train2014/COCO_train2014_000000002193.jpg
COCO 2014,train2014,302,content,640,480,data/coco/train2014/COCO_train2014_000000002197.jpg
COCO 2014,train2014,303,content,500,299,data/coco/train2014/COCO_train2014_000000002209.jpg
COCO 2014,train2014,304,content,640,463,data/coco/train2014/COCO_train2014_000000002211.jpg
COCO 2014,train2014,305,content,640,480,data/coco/train2014/COCO_train2014_000000002217.jpg
COCO 2014,train2014,306,content,640,427,data/coco/train2014/COCO_train2014_000000002229.jpg
COCO 2014,train2014,307,content,640,480,data/coco/train2014/COCO_train2014_000000002232.jpg
COCO 2014,train2014,308,content,640,480,data/coco/train2014/COCO_train2014_000000002244.jpg
COCO 2014,train2014,309,content,640,480,data/coco/train2014/COCO_train2014_000000002258.jpg
COCO 2014,train2014,310,content,640,480,data/coco/train2014/COCO_train2014_000000002270.jpg
COCO 2014,train2014,311,content,375,500,data/coco/train2014/COCO_train2014_000000002276.jpg
COCO 2014,train2014,312,content,426,640,data/coco/train2014/COCO_train2014_000000002278.jpg
COCO 2014,train2014,313,content,500,333,data/coco/train2014/COCO_train2014_000000002279.jpg
COCO 2014,train2014,314,content,640,345,data/coco/train2014/COCO_train2014_000000002280.jpg
COCO 2014,train2014,315,content,640,480,data/coco/train2014/COCO_train2014_000000002281.jpg
COCO 2014,train2014,316,content,640,580,data/coco/train2014/COCO_train2014_000000002283.jpg
COCO 2014,train2014,317,content,640,480,data/coco/train2014/COCO_train2014_000000002284.jpg
COCO 2014,train2014,318,content,428,640,data/coco/train2014/COCO_train2014_000000002296.jpg
COCO 2014,train2014,319,content,640,427,data/coco/train2014/COCO_train2014_000000002309.jpg
COCO 2014,train2014,320,content,333,500,data/coco/train2014/COCO_train2014_000000002337.jpg
COCO 2014,train2014,321,content,640,480,data/coco/train2014/COCO_train2014_000000002342.jpg
COCO 2014,train2014,322,content,640,480,data/coco/train2014/COCO_train2014_000000002347.jpg
COCO 2014,train2014,323,content,640,626,data/coco/train2014/COCO_train2014_000000002349.jpg
COCO 2014,train2014,324,content,640,428,data/coco/train2014/COCO_train2014_000000002369.jpg
COCO 2014,train2014,325,content,640,427,data/coco/train2014/COCO_train2014_000000002372.jpg
COCO 2014,train2014,326,content,640,480,data/coco/train2014/COCO_train2014_000000002374.jpg
COCO 2014,train2014,327,content,640,427,data/coco/train2014/COCO_train2014_000000002377.jpg
COCO 2014,train2014,328,content,400,500,data/coco/train2014/COCO_train2014_000000002389.jpg
COCO 2014,train2014,329,content,640,427,data/coco/train2014/COCO_train2014_000000002400.jpg
COCO 2014,train2014,330,content,500,375,data/coco/train2014/COCO_train2014_000000002402.jpg
COCO 2014,train2014,331,content,640,478,data/coco/train2014/COCO_train2014_000000002411.jpg
COCO 2014,train2014,332,content,640,480,data/coco/train2014/COCO_train2014_000000002415.jpg
COCO 2014,train2014,333,content,640,480,data/coco/train2014/COCO_train2014_000000002429.jpg
COCO 2014,train2014,334,content,640,427,data/coco/train2014/COCO_train2014_000000002444.jpg
COCO 2014,train2014,335,content,640,427,data/coco/train2014/COCO_train2014_000000002445.jpg
COCO 2014,train2014,336,content,640,427,data/coco/train2014/COCO_train2014_000000002446.jpg
COCO 2014,train2014,337,content,640,480,data/coco/train2014/COCO_train2014_000000002448.jpg
COCO 2014,train2014,338,content,500,500,data/coco/train2014/COCO_train2014_000000002451.jpg
COCO 2014,train2014,339,content,640,427,data/coco/train2014/COCO_train2014_000000002459.jpg
COCO 2014,train2014,340,content,640,360,data/coco/train2014/COCO_train2014_000000002466.jpg
COCO 2014,train2014,341,content,637,640,data/coco/train2014/COCO_train2014_000000002470.jpg
COCO 2014,train2014,342,content,481,640,data/coco/train2014/COCO_train2014_000000002471.jpg
COCO 2014,train2014,343,content,427,640,data/coco/train2014/COCO_train2014_000000002496.jpg
COCO 2014,train2014,344,content,640,426,data/coco/train2014/COCO_train2014_000000002498.jpg
COCO 2014,train2014,345,content,427,640,data/coco/train2014/COCO_train2014_000000002531.jpg
COCO 2014,train2014,346,content,640,427,data/coco/train2014/COCO_train2014_000000002536.jpg
COCO 2014,train2014,347,content,640,428,data/coco/train2014/COCO_train2014_000000002543.jpg
COCO 2014,train2014,348,content,480,640,data/coco/train2014/COCO_train2014_000000002544.jpg
COCO 2014,train2014,349,content,640,454,data/coco/train2014/COCO_train2014_000000002545.jpg
COCO 2014,train2014,350,content,609,609,data/coco/train2014/COCO_train2014_000000002555.jpg
COCO 2014,train2014,351,content,425,640,data/coco/train2014/COCO_train2014_000000002559.jpg
COCO 2014,train2014,352,content,426,640,data/coco/train2014/COCO_train2014_000000002560.jpg
COCO 2014,train2014,353,content,424,640,data/coco/train2014/COCO_train2014_000000002563.jpg
COCO 2014,train2014,354,content,427,640,data/coco/train2014/COCO_train2014_000000002567.jpg
COCO 2014,train2014,355,content,640,480,data/coco/train2014/COCO_train2014_000000002570.jpg
COCO 2014,train2014,356,content,640,427,data/coco/train2014/COCO_train2014_000000002575.jpg
COCO 2014,train2014,357,content,332,500,data/coco/train2014/COCO_train2014_000000002583.jpg
COCO 2014,train2014,358,content,640,478,data/coco/train2014/COCO_train2014_000000002585.jpg
COCO 2014,train2014,359,content,427,640,data/coco/train2014/COCO_train2014_000000002591.jpg
COCO 2014,train2014,360,content,427,640,data/coco/train2014/COCO_train2014_000000002602.jpg
COCO 2014,train2014,361,content,427,640,data/coco/train2014/COCO_train2014_000000002606.jpg
COCO 2014,train2014,362,content,640,480,data/coco/train2014/COCO_train2014_000000002608.jpg
COCO 2014,train2014,363,content,640,427,data/coco/train2014/COCO_train2014_000000002614.jpg
COCO 2014,train2014,364,content,640,480,data/coco/train2014/COCO_train2014_000000002618.jpg
COCO 2014,train2014,365,content,640,427,data/coco/train2014/COCO_train2014_000000002619.jpg
COCO 2014,train2014,366,content,640,427,data/coco/train2014/COCO_train2014_000000002623.jpg
COCO 2014,train2014,367,content,427,640,data/coco/train2014/COCO_train2014_000000002624.jpg
COCO 2014,train2014,368,content,640,376,data/coco/train2014/COCO_train2014_000000002639.jpg
COCO 2014,train2014,369,content,640,443,data/coco/train2014/COCO_train2014_000000002644.jpg
COCO 2014,train2014,370,content,640,480,data/coco/train2014/COCO_train2014_000000002645.jpg
COCO 2014,train2014,371,content,640,429,data/coco/train2014/COCO_train2014_000000002658.jpg
COCO 2014,train2014,372,content,640,480,data/coco/train2014/COCO_train2014_000000002664.jpg
COCO 2014,train2014,373,content,640,428,data/coco/train2014/COCO_train2014_000000002672.jpg
COCO 2014,train2014,374,content,640,640,data/coco/train2014/COCO_train2014_000000002686.jpg
COCO 2014,train2014,375,content,640,323,data/coco/train2014/COCO_train2014_000000002687.jpg
COCO 2014,train2014,376,content,640,480,data/coco/train2014/COCO_train2014_000000002691.jpg
COCO 2014,train2014,377,content,320,240,data/coco/train2014/COCO_train2014_000000002693.jpg
COCO 2014,train2014,378,content,640,480,data/coco/train2014/COCO_train2014_000000002697.jpg
COCO 2014,train2014,379,content,511,640,data/coco/train2014/COCO_train2014_000000002703.jpg
COCO 2014,train2014,380,content,640,408,data/coco/train2014/COCO_train2014_000000002732.jpg
COCO 2014,train2014,381,content,640,480,data/coco/train2014/COCO_train2014_000000002742.jpg
COCO 2014,train2014,382,content,500,375,data/coco/train2014/COCO_train2014_000000002752.jpg
COCO 2014,train2014,383,content,640,480,data/coco/train2014/COCO_train2014_000000002754.jpg
COCO 2014,train2014,384,content,500,297,data/coco/train2014/COCO_train2014_000000002755.jpg
COCO 2014,train2014,385,content,549,640,data/coco/train2014/COCO_train2014_000000002758.jpg
COCO 2014,train2014,386,content,500,358,data/coco/train2014/COCO_train2014_000000002770.jpg
COCO 2014,train2014,387,content,536,640,data/coco/train2014/COCO_train2014_000000002774.jpg
COCO 2014,train2014,388,content,480,640,data/coco/train2014/COCO_train2014_000000002776.jpg
COCO 2014,train2014,389,content,640,480,data/coco/train2014/COCO_train2014_000000002782.jpg
COCO 2014,train2014,390,content,640,383,data/coco/train2014/COCO_train2014_000000002823.jpg
COCO 2014,train2014,391,content,640,427,data/coco/train2014/COCO_train2014_000000002833.jpg
COCO 2014,train2014,392,content,640,480,data/coco/train2014/COCO_train2014_000000002842.jpg
COCO 2014,train2014,393,content,640,428,data/coco/train2014/COCO_train2014_000000002843.jpg
COCO 2014,train2014,394,content,640,480,data/coco/train2014/COCO_train2014_000000002849.jpg
COCO 2014,train2014,395,content,640,480,data/coco/train2014/COCO_train2014_000000002860.jpg
COCO 2014,train2014,396,content,640,482,data/coco/train2014/COCO_train2014_000000002886.jpg
COCO 2014,train2014,397,content,640,426,data/coco/train2014/COCO_train2014_000000002892.jpg
COCO 2014,train2014,398,content,640,427,data/coco/train2014/COCO_train2014_000000002896.jpg
COCO 2014,train2014,399,content,640,427,data/coco/train2014/COCO_train2014_000000002902.jpg
COCO 2014,train2014,400,content,425,640,data/coco/train2014/COCO_train2014_000000002907.jpg
COCO 2014,train2014,401,content,500,492,data/coco/train2014/COCO_train2014_000000002931.jpg
COCO 2014,train2014,402,content,640,512,data/coco/train2014/COCO_train2014_000000002951.jpg
COCO 2014,train2014,403,content,426,640,data/coco/train2014/COCO_train2014_000000002963.jpg
COCO 2014,train2014,404,content,640,383,data/coco/train2014/COCO_train2014_000000002964.jpg
COCO 2014,train2014,405,content,612,612,data/coco/train2014/COCO_train2014_000000002982.jpg
COCO 2014,train2014,406,content,640,427,data/coco/train2014/COCO_train2014_000000002983.jpg
COCO 2014,train2014,407,content,640,423,data/coco/train2014/COCO_train2014_000000002989.jpg
COCO 2014,train2014,408,content,427,640,data/coco/train2014/COCO_train2014_000000002992.jpg
COCO 2014,train2014,409,content,640,463,data/coco/train2014/COCO_train2014_000000002998.jpg
COCO 2014,train2014,410,content,480,640,data/coco/train2014/COCO_train2014_000000003000.jpg
COCO 2014,train2014,411,content,640,426,data/coco/train2014/COCO_train2014_000000003003.jpg
COCO 2014,train2014,412,content,640,427,data/coco/train2014/COCO_train2014_000000003008.jpg
COCO 2014,train2014,413,content,640,512,data/coco/train2014/COCO_train2014_000000003040.jpg
COCO 2014,train2014,414,content,480,640,data/coco/train2014/COCO_train2014_000000003048.jpg
COCO 2014,train2014,415,content,640,427,data/coco/train2014/COCO_train2014_000000003076.jpg
COCO 2014,train2014,416,content,455,640,data/coco/train2014/COCO_train2014_000000003077.jpg
COCO 2014,train2014,417,content,424,640,data/coco/train2014/COCO_train2014_000000003080.jpg
COCO 2014,train2014,418,content,533,640,data/coco/train2014/COCO_train2014_000000003118.jpg
COCO 2014,train2014,419,content,640,519,data/coco/train2014/COCO_train2014_000000003124.jpg
COCO 2014,train2014,420,content,640,421,data/coco/train2014/COCO_train2014_000000003131.jpg
COCO 2014,train2014,421,content,500,375,data/coco/train2014/COCO_train2014_000000003148.jpg
COCO 2014,train2014,422,content,640,427,data/coco/train2014/COCO_train2014_000000003157.jpg
COCO 2014,train2014,423,content,640,427,data/coco/train2014/COCO_train2014_000000003160.jpg
COCO 2014,train2014,424,content,640,443,data/coco/train2014/COCO_train2014_000000003178.jpg
COCO 2014,train2014,425,content,640,459,data/coco/train2014/COCO_train2014_000000003197.jpg
COCO 2014,train2014,426,content,640,480,data/coco/train2014/COCO_train2014_000000003219.jpg
COCO 2014,train2014,427,content,640,480,data/coco/train2014/COCO_train2014_000000003220.jpg
COCO 2014,train2014,428,content,427,640,data/coco/train2014/COCO_train2014_000000003224.jpg
COCO 2014,train2014,429,content,434,640,data/coco/train2014/COCO_train2014_000000003225.jpg
COCO 2014,train2014,430,content,500,335,data/coco/train2014/COCO_train2014_000000003234.jpg
COCO 2014,train2014,431,content,640,368,data/coco/train2014/COCO_train2014_000000003236.jpg
COCO 2014,train2014,432,content,612,612,data/coco/train2014/COCO_train2014_000000003242.jpg
COCO 2014,train2014,433,content,640,427,data/coco/train2014/COCO_train2014_000000003249.jpg
COCO 2014,train2014,434,content,640,479,data/coco/train2014/COCO_train2014_000000003259.jpg
COCO 2014,train2014,435,content,640,427,data/coco/train2014/COCO_train2014_000000003264.jpg
COCO 2014,train2014,436,content,640,480,data/coco/train2014/COCO_train2014_000000003270.jpg
COCO 2014,train2014,437,content,640,429,data/coco/train2014/COCO_train2014_000000003272.jpg
COCO 2014,train2014,438,content,640,480,data/coco/train2014/COCO_train2014_000000003276.jpg
COCO 2014,train2014,439,content,482,640,data/coco/train2014/COCO_train2014_000000003286.jpg
COCO 2014,train2014,440,content,512,640,data/coco/train2014/COCO_train2014_000000003293.jpg
COCO 2014,train2014,441,content,640,448,data/coco/train2014/COCO_train2014_000000003305.jpg
COCO 2014,train2014,442,content,640,408,data/coco/train2014/COCO_train2014_000000003314.jpg
COCO 2014,train2014,443,content,640,480,data/coco/train2014/COCO_train2014_000000003320.jpg
COCO 2014,train2014,444,content,640,480,data/coco/train2014/COCO_train2014_000000003321.jpg
COCO 2014,train2014,445,content,640,480,data/coco/train2014/COCO_train2014_000000003325.jpg
COCO 2014,train2014,446,content,612,612,data/coco/train2014/COCO_train2014_000000003348.jpg
COCO 2014,train2014,447,content,640,426,data/coco/train2014/COCO_train2014_000000003353.jpg
COCO 2014,train2014,448,content,500,392,data/coco/train2014/COCO_train2014_000000003361.jpg
COCO 2014,train2014,449,content,640,427,data/coco/train2014/COCO_train2014_000000003365.jpg
COCO 2014,train2014,450,content,640,480,data/coco/train2014/COCO_train2014_000000003366.jpg
COCO 2014,train2014,451,content,640,426,data/coco/train2014/COCO_train2014_000000003375.jpg
COCO 2014,train2014,452,content,640,640,data/coco/train2014/COCO_train2014_000000003386.jpg
COCO 2014,train2014,453,content,640,512,data/coco/train2014/COCO_train2014_000000003389.jpg
COCO 2014,train2014,454,content,640,427,data/coco/train2014/COCO_train2014_000000003398.jpg
COCO 2014,train2014,455,content,427,640,data/coco/train2014/COCO_train2014_000000003412.jpg
COCO 2014,train2014,456,content,612,612,data/coco/train2014/COCO_train2014_000000003432.jpg
COCO 2014,train2014,457,content,640,427,data/coco/train2014/COCO_train2014_000000003442.jpg
COCO 2014,train2014,458,content,640,480,data/coco/train2014/COCO_train2014_000000003457.jpg
COCO 2014,train2014,459,content,640,505,data/coco/train2014/COCO_train2014_000000003461.jpg
COCO 2014,train2014,460,content,427,640,data/coco/train2014/COCO_train2014_000000003464.jpg
COCO 2014,train2014,461,content,427,640,data/coco/train2014/COCO_train2014_000000003474.jpg
COCO 2014,train2014,462,content,640,480,data/coco/train2014/COCO_train2014_000000003478.jpg
COCO 2014,train2014,463,content,500,316,data/coco/train2014/COCO_train2014_000000003481.jpg
COCO 2014,train2014,464,content,640,482,data/coco/train2014/COCO_train2014_000000003483.jpg
COCO 2014,train2014,465,content,362,500,data/coco/train2014/COCO_train2014_000000003493.jpg
COCO 2014,train2014,466,content,500,500,data/coco/train2014/COCO_train2014_000000003511.jpg
COCO 2014,train2014,467,content,640,569,data/coco/train2014/COCO_train2014_000000003514.jpg
COCO 2014,train2014,468,content,640,638,data/coco/train2014/COCO_train2014_000000003517.jpg
COCO 2014,train2014,469,content,640,427,data/coco/train2014/COCO_train2014_000000003518.jpg
COCO 2014,train2014,470,content,480,640,data/coco/train2014/COCO_train2014_000000003521.jpg
COCO 2014,train2014,471,content,427,640,data/coco/train2014/COCO_train2014_000000003528.jpg
COCO 2014,train2014,472,content,640,427,data/coco/train2014/COCO_train2014_000000003532.jpg
COCO 2014,train2014,473,content,640,480,data/coco/train2014/COCO_train2014_000000003535.jpg
COCO 2014,train2014,474,content,640,480,data/coco/train2014/COCO_train2014_000000003538.jpg
COCO 2014,train2014,475,content,640,480,data/coco/train2014/COCO_train2014_000000003579.jpg
COCO 2014,train2014,476,content,640,425,data/coco/train2014/COCO_train2014_000000003602.jpg
COCO 2014,train2014,477,content,480,640,data/coco/train2014/COCO_train2014_000000003613.jpg
COCO 2014,train2014,478,content,500,443,data/coco/train2014/COCO_train2014_000000003623.jpg
COCO 2014,train2014,479,content,640,480,data/coco/train2014/COCO_train2014_000000003628.jpg
COCO 2014,train2014,480,content,640,427,data/coco/train2014/COCO_train2014_000000003637.jpg
COCO 2014,train2014,481,content,480,640,data/coco/train2014/COCO_train2014_000000003640.jpg
COCO 2014,train2014,482,content,640,480,data/coco/train2014/COCO_train2014_000000003668.jpg
COCO 2014,train2014,483,content,640,480,data/coco/train2014/COCO_train2014_000000003671.jpg
COCO 2014,train2014,484,content,640,480,data/coco/train2014/COCO_train2014_000000003682.jpg
COCO 2014,train2014,485,content,640,427,data/coco/train2014/COCO_train2014_000000003685.jpg
COCO 2014,train2014,486,content,478,640,data/coco/train2014/COCO_train2014_000000003692.jpg
COCO 2014,train2014,487,content,640,480,data/coco/train2014/COCO_train2014_000000003713.jpg
COCO 2014,train2014,488,content,640,480,data/coco/train2014/COCO_train2014_000000003729.jpg
COCO 2014,train2014,489,content,640,427,data/coco/train2014/COCO_train2014_000000003735.jpg
COCO 2014,train2014,490,content,500,333,data/coco/train2014/COCO_train2014_000000003737.jpg
COCO 2014,train2014,491,content,400,500,data/coco/train2014/COCO_train2014_000000003745.jpg
COCO 2014,train2014,492,content,480,640,data/coco/train2014/COCO_train2014_000000003751.jpg
COCO 2014,train2014,493,content,640,480,data/coco/train2014/COCO_train2014_000000003764.jpg
COCO 2014,train2014,494,content,516,640,data/coco/train2014/COCO_train2014_000000003770.jpg
COCO 2014,train2014,495,content,640,480,data/coco/train2014/COCO_train2014_000000003782.jpg
COCO 2014,train2014,496,content,500,333,data/coco/train2014/COCO_train2014_000000003789.jpg
COCO 2014,train2014,497,content,640,409,data/coco/train2014/COCO_train2014_000000003804.jpg
COCO 2014,train2014,498,content,350,233,data/coco/train2014/COCO_train2014_000000003812.jpg
COCO 2014,train2014,499,content,640,374,data/coco/train2014/COCO_train2014_000000003823.jpg
COCO 2014,train2014,500,content,640,401,data/coco/train2014/COCO_train2014_000000003827.jpg
COCO 2014,train2014,501,content,386,500,data/coco/train2014/COCO_train2014_000000003830.jpg
COCO 2014,train2014,502,content,640,480,data/coco/train2014/COCO_train2014_000000003860.jpg
COCO 2014,train2014,503,content,640,425,data/coco/train2014/COCO_train2014_000000003862.jpg
COCO 2014,train2014,504,content,640,426,data/coco/train2014/COCO_train2014_000000003866.jpg
COCO 2014,train2014,505,content,640,480,data/coco/train2014/COCO_train2014_000000003870.jpg
COCO 2014,train2014,506,content,640,480,data/coco/train2014/COCO_train2014_000000003877.jpg
COCO 2014,train2014,507,content,640,480,data/coco/train2014/COCO_train2014_000000003897.jpg
COCO 2014,train2014,508,content,640,426,data/coco/train2014/COCO_train2014_000000003899.jpg
COCO 2014,train2014,509,content,640,480,data/coco/train2014/COCO_train2014_000000003911.jpg
COCO 2014,train2014,510,content,640,480,data/coco/train2014/COCO_train2014_000000003915.jpg
COCO 2014,train2014,511,content,640,480,data/coco/train2014/COCO_train2014_000000003917.jpg
COCO 2014,train2014,512,content,640,428,data/coco/train2014/COCO_train2014_000000003920.jpg
COCO 2014,train2014,513,content,640,554,data/coco/train2014/COCO_train2014_000000003935.jpg
COCO 2014,train2014,514,content,640,480,data/coco/train2014/COCO_train2014_000000003941.jpg
COCO 2014,train2014,515,content,427,640,data/coco/train2014/COCO_train2014_000000003967.jpg
COCO 2014,train2014,516,content,640,426,data/coco/train2014/COCO_train2014_000000003982.jpg
COCO 2014,train2014,517,content,483,640,data/coco/train2014/COCO_train2014_000000003988.jpg
COCO 2014,train2014,518,content,640,480,data/coco/train2014/COCO_train2014_000000003992.jpg
COCO 2014,train2014,519,content,640,480,data/coco/train2014/COCO_train2014_000000003995.jpg
COCO 2014,train2014,520,content,640,429,data/coco/train2014/COCO_train2014_000000003999.jpg
COCO 2014,train2014,521,content,425,640,data/coco/train2014/COCO_train2014_000000004020.jpg
COCO 2014,train2014,522,content,640,133,data/coco/train2014/COCO_train2014_000000004032.jpg
COCO 2014,train2014,523,content,333,500,data/coco/train2014/COCO_train2014_000000004038.jpg
COCO 2014,train2014,524,content,640,424,data/coco/train2014/COCO_train2014_000000004042.jpg
COCO 2014,train2014,525,content,480,640,data/coco/train2014/COCO_train2014_000000004051.jpg
COCO 2014,train2014,526,content,640,480,data/coco/train2014/COCO_train2014_000000004057.jpg
COCO 2014,train2014,527,content,640,480,data/coco/train2014/COCO_train2014_000000004065.jpg
COCO 2014,train2014,528,content,640,480,data/coco/train2014/COCO_train2014_000000004068.jpg
COCO 2014,train2014,529,content,458,640,data/coco/train2014/COCO_train2014_000000004080.jpg
COCO 2014,train2014,530,content,428,640,data/coco/train2014/COCO_train2014_000000004129.jpg
COCO 2014,train2014,531,content,640,361,data/coco/train2014/COCO_train2014_000000004130.jpg
COCO 2014,train2014,532,content,370,640,data/coco/train2014/COCO_train2014_000000004131.jpg
COCO 2014,train2014,533,content,360,480,data/coco/train2014/COCO_train2014_000000004132.jpg
COCO 2014,train2014,534,content,640,386,data/coco/train2014/COCO_train2014_000000004138.jpg
COCO 2014,train2014,535,content,640,426,data/coco/train2014/COCO_train2014_000000004139.jpg
COCO 2014,train2014,536,content,640,480,data/coco/train2014/COCO_train2014_000000004140.jpg
COCO 2014,train2014,537,content,640,480,data/coco/train2014/COCO_train2014_000000004159.jpg
COCO 2014,train2014,538,content,640,427,data/coco/train2014/COCO_train2014_000000004172.jpg
COCO 2014,train2014,539,content,640,427,data/coco/train2014/COCO_train2014_000000004173.jpg
COCO 2014,train2014,540,content,640,480,data/coco/train2014/COCO_train2014_000000004180.jpg
COCO 2014,train2014,541,content,500,375,data/coco/train2014/COCO_train2014_000000004189.jpg
COCO 2014,train2014,542,content,640,427,data/coco/train2014/COCO_train2014_000000004201.jpg
COCO 2014,train2014,543,content,640,572,data/coco/train2014/COCO_train2014_000000004208.jpg
COCO 2014,train2014,544,content,640,481,data/coco/train2014/COCO_train2014_000000004219.jpg
COCO 2014,train2014,545,content,640,414,data/coco/train2014/COCO_train2014_000000004239.jpg
COCO 2014,train2014,546,content,612,612,data/coco/train2014/COCO_train2014_000000004244.jpg
COCO 2014,train2014,547,content,640,480,data/coco/train2014/COCO_train2014_000000004245.jpg
COCO 2014,train2014,548,content,640,457,data/coco/train2014/COCO_train2014_000000004259.jpg
COCO 2014,train2014,549,content,640,480,data/coco/train2014/COCO_train2014_000000004260.jpg
COCO 2014,train2014,550,content,640,480,data/coco/train2014/COCO_train2014_000000004278.jpg
COCO 2014,train2014,551,content,500,375,data/coco/train2014/COCO_train2014_000000004282.jpg
COCO 2014,train2014,552,content,428,640,data/coco/train2014/COCO_train2014_000000004289.jpg
COCO 2014,train2014,553,content,429,640,data/coco/train2014/COCO_train2014_000000004308.jpg
COCO 2014,train2014,554,content,480,640,data/coco/train2014/COCO_train2014_000000004309.jpg
COCO 2014,train2014,555,content,640,480,data/coco/train2014/COCO_train2014_000000004318.jpg
COCO 2014,train2014,556,content,640,427,data/coco/train2014/COCO_train2014_000000004319.jpg
COCO 2014,train2014,557,content,640,480,data/coco/train2014/COCO_train2014_000000004322.jpg
COCO 2014,train2014,558,content,640,480,data/coco/train2014/COCO_train2014_000000004331.jpg
COCO 2014,train2014,559,content,640,428,data/coco/train2014/COCO_train2014_000000004360.jpg
COCO 2014,train2014,560,content,640,424,data/coco/train2014/COCO_train2014_000000004376.jpg
COCO 2014,train2014,561,content,640,376,data/coco/train2014/COCO_train2014_000000004377.jpg
COCO 2014,train2014,562,content,640,480,data/coco/train2014/COCO_train2014_000000004385.jpg
COCO 2014,train2014,563,content,640,480,data/coco/train2014/COCO_train2014_000000004394.jpg
COCO 2014,train2014,564,content,640,640,data/coco/train2014/COCO_train2014_000000004404.jpg
COCO 2014,train2014,565,content,640,478,data/coco/train2014/COCO_train2014_000000004410.jpg
COCO 2014,train2014,566,content,480,640,data/coco/train2014/COCO_train2014_000000004415.jpg
COCO 2014,train2014,567,content,640,480,data/coco/train2014/COCO_train2014_000000004421.jpg
COCO 2014,train2014,568,content,438,640,data/coco/train2014/COCO_train2014_000000004424.jpg
COCO 2014,train2014,569,content,480,640,data/coco/train2014/COCO_train2014_000000004426.jpg
COCO 2014,train2014,570,content,429,640,data/coco/train2014/COCO_train2014_000000004428.jpg
COCO 2014,train2014,571,content,640,438,data/coco/train2014/COCO_train2014_000000004441.jpg
COCO 2014,train2014,572,content,640,427,data/coco/train2014/COCO_train2014_000000004442.jpg
COCO 2014,train2014,573,content,640,427,data/coco/train2014/COCO_train2014_000000004444.jpg
COCO 2014,train2014,574,content,640,480,data/coco/train2014/COCO_train2014_000000004462.jpg
COCO 2014,train2014,575,content,640,480,data/coco/train2014/COCO_train2014_000000004463.jpg
COCO 2014,train2014,576,content,425,640,data/coco/train2014/COCO_train2014_000000004471.jpg
COCO 2014,train2014,577,content,640,506,data/coco/train2014/COCO_train2014_000000004477.jpg
COCO 2014,train2014,578,content,640,426,data/coco/train2014/COCO_train2014_000000004478.jpg
COCO 2014,train2014,579,content,480,640,data/coco/train2014/COCO_train2014_000000004481.jpg
COCO 2014,train2014,580,content,640,480,data/coco/train2014/COCO_train2014_000000004488.jpg
COCO 2014,train2014,581,content,640,427,data/coco/train2014/COCO_train2014_000000004489.jpg
COCO 2014,train2014,582,content,427,640,data/coco/train2014/COCO_train2014_000000004490.jpg
COCO 2014,train2014,583,content,640,481,data/coco/train2014/COCO_train2014_000000004502.jpg
COCO 2014,train2014,584,content,640,480,data/coco/train2014/COCO_train2014_000000004508.jpg
COCO 2014,train2014,585,content,640,427,data/coco/train2014/COCO_train2014_000000004517.jpg
COCO 2014,train2014,586,content,500,334,data/coco/train2014/COCO_train2014_000000004527.jpg
COCO 2014,train2014,587,content,640,426,data/coco/train2014/COCO_train2014_000000004535.jpg
COCO 2014,train2014,588,content,375,500,data/coco/train2014/COCO_train2014_000000004537.jpg
COCO 2014,train2014,589,content,640,480,data/coco/train2014/COCO_train2014_000000004546.jpg
COCO 2014,train2014,590,content,640,425,data/coco/train2014/COCO_train2014_000000004549.jpg
COCO 2014,train2014,591,content,640,425,data/coco/train2014/COCO_train2014_000000004555.jpg
COCO 2014,train2014,592,content,500,331,data/coco/train2014/COCO_train2014_000000004567.jpg
COCO 2014,train2014,593,content,640,512,data/coco/train2014/COCO_train2014_000000004571.jpg
COCO 2014,train2014,594,content,480,640,data/coco/train2014/COCO_train2014_000000004574.jpg
COCO 2014,train2014,595,content,640,480,data/coco/train2014/COCO_train2014_000000004575.jpg
COCO 2014,train2014,596,content,640,480,data/coco/train2014/COCO_train2014_000000004578.jpg
COCO 2014,train2014,597,content,640,427,data/coco/train2014/COCO_train2014_000000004579.jpg
COCO 2014,train2014,598,content,640,480,data/coco/train2014/COCO_train2014_000000004587.jpg
COCO 2014,train2014,599,content,640,480,data/coco/train2014/COCO_train2014_000000004595.jpg
COCO 2014,train2014,600,content,640,480,data/coco/train2014/COCO_train2014_000000004608.jpg
COCO 2014,train2014,601,content,640,480,data/coco/train2014/COCO_train2014_000000004616.jpg
COCO 2014,train2014,602,content,640,480,data/coco/train2014/COCO_train2014_000000004622.jpg
COCO 2014,train2014,603,content,640,360,data/coco/train2014/COCO_train2014_000000004624.jpg
COCO 2014,train2014,604,content,640,640,data/coco/train2014/COCO_train2014_000000004642.jpg
COCO 2014,train2014,605,content,640,458,data/coco/train2014/COCO_train2014_000000004647.jpg
COCO 2014,train2014,606,content,640,480,data/coco/train2014/COCO_train2014_000000004662.jpg
COCO 2014,train2014,607,content,640,507,data/coco/train2014/COCO_train2014_000000004673.jpg
COCO 2014,train2014,608,content,640,480,data/coco/train2014/COCO_train2014_000000004684.jpg
COCO 2014,train2014,609,content,640,480,data/coco/train2014/COCO_train2014_000000004694.jpg
COCO 2014,train2014,610,content,526,640,data/coco/train2014/COCO_train2014_000000004702.jpg
COCO 2014,train2014,611,content,427,640,data/coco/train2014/COCO_train2014_000000004704.jpg
COCO 2014,train2014,612,content,640,480,data/coco/train2014/COCO_train2014_000000004705.jpg
COCO 2014,train2014,613,content,640,480,data/coco/train2014/COCO_train2014_000000004706.jpg
COCO 2014,train2014,614,content,429,640,data/coco/train2014/COCO_train2014_000000004711.jpg
COCO 2014,train2014,615,content,640,480,data/coco/train2014/COCO_train2014_000000004714.jpg
COCO 2014,train2014,616,content,427,640,data/coco/train2014/COCO_train2014_000000004716.jpg
COCO 2014,train2014,617,content,500,375,data/coco/train2014/COCO_train2014_000000004719.jpg
COCO 2014,train2014,618,content,640,428,data/coco/train2014/COCO_train2014_000000004739.jpg
COCO 2014,train2014,619,content,640,640,data/coco/train2014/COCO_train2014_000000004741.jpg
COCO 2014,train2014,620,content,640,480,data/coco/train2014/COCO_train2014_000000004761.jpg
COCO 2014,train2014,621,content,640,415,data/coco/train2014/COCO_train2014_000000004762.jpg
COCO 2014,train2014,622,content,640,480,data/coco/train2014/COCO_train2014_000000004785.jpg
COCO 2014,train2014,623,content,640,480,data/coco/train2014/COCO_train2014_000000004794.jpg
COCO 2014,train2014,624,content,612,612,data/coco/train2014/COCO_train2014_000000004796.jpg
COCO 2014,train2014,625,content,427,640,data/coco/train2014/COCO_train2014_000000004809.jpg
COCO 2014,train2014,626,content,640,480,data/coco/train2014/COCO_train2014_000000004820.jpg
COCO 2014,train2014,627,content,640,480,data/coco/train2014/COCO_train2014_000000004823.jpg
COCO 2014,train2014,628,content,478,640,data/coco/train2014/COCO_train2014_000000004827.jpg
COCO 2014,train2014,629,content,640,480,data/coco/train2014/COCO_train2014_000000004830.jpg
COCO 2014,train2014,630,content,640,565,data/coco/train2014/COCO_train2014_000000004834.jpg
COCO 2014,train2014,631,content,480,640,data/coco/train2014/COCO_train2014_000000004843.jpg
COCO 2014,train2014,632,content,374,500,data/coco/train2014/COCO_train2014_000000004844.jpg
COCO 2014,train2014,633,content,500,331,data/coco/train2014/COCO_train2014_000000004859.jpg
COCO 2014,train2014,634,content,640,427,data/coco/train2014/COCO_train2014_000000004876.jpg
COCO 2014,train2014,635,content,424,640,data/coco/train2014/COCO_train2014_000000004880.jpg
COCO 2014,train2014,636,content,640,350,data/coco/train2014/COCO_train2014_000000004885.jpg
COCO 2014,train2014,637,content,640,424,data/coco/train2014/COCO_train2014_000000004888.jpg
COCO 2014,train2014,638,content,612,612,data/coco/train2014/COCO_train2014_000000004891.jpg
COCO 2014,train2014,639,content,640,427,data/coco/train2014/COCO_train2014_000000004893.jpg
COCO 2014,train2014,640,content,640,427,data/coco/train2014/COCO_train2014_000000004901.jpg
COCO 2014,train2014,641,content,640,427,data/coco/train2014/COCO_train2014_000000004903.jpg
COCO 2014,train2014,642,content,612,612,data/coco/train2014/COCO_train2014_000000004904.jpg
COCO 2014,train2014,643,content,640,472,data/coco/train2014/COCO_train2014_000000004920.jpg
COCO 2014,train2014,644,content,500,375,data/coco/train2014/COCO_train2014_000000004931.jpg
COCO 2014,train2014,645,content,640,480,data/coco/train2014/COCO_train2014_000000004947.jpg
COCO 2014,train2014,646,content,640,480,data/coco/train2014/COCO_train2014_000000004956.jpg
COCO 2014,train2014,647,content,480,640,data/coco/train2014/COCO_train2014_000000004963.jpg
COCO 2014,train2014,648,content,640,480,data/coco/train2014/COCO_train2014_000000004968.jpg
COCO 2014,train2014,649,content,640,426,data/coco/train2014/COCO_train2014_000000004970.jpg
COCO 2014,train2014,650,content,640,480,data/coco/train2014/COCO_train2014_000000004971.jpg
COCO 2014,train2014,651,content,375,500,data/coco/train2014/COCO_train2014_000000004978.jpg
COCO 2014,train2014,652,content,640,438,data/coco/train2014/COCO_train2014_000000004981.jpg
COCO 2014,train2014,653,content,640,480,data/coco/train2014/COCO_train2014_000000004984.jpg
COCO 2014,train2014,654,content,640,494,data/coco/train2014/COCO_train2014_000000004993.jpg
COCO 2014,train2014,655,content,640,426,data/coco/train2014/COCO_train2014_000000005005.jpg
COCO 2014,train2014,656,content,428,640,data/coco/train2014/COCO_train2014_000000005010.jpg
COCO 2014,train2014,657,content,640,480,data/coco/train2014/COCO_train2014_000000005011.jpg
COCO 2014,train2014,658,content,500,366,data/coco/train2014/COCO_train2014_000000005016.jpg
COCO 2014,train2014,659,content,640,480,data/coco/train2014/COCO_train2014_000000005018.jpg
COCO 2014,train2014,660,content,500,375,data/coco/train2014/COCO_train2014_000000005021.jpg
COCO 2014,train2014,661,content,640,480,data/coco/train2014/COCO_train2014_000000005028.jpg
COCO 2014,train2014,662,content,640,519,data/coco/train2014/COCO_train2014_000000005046.jpg
COCO 2014,train2014,663,content,640,426,data/coco/train2014/COCO_train2014_000000005073.jpg
COCO 2014,train2014,664,content,640,480,data/coco/train2014/COCO_train2014_000000005083.jpg
COCO 2014,train2014,665,content,480,640,data/coco/train2014/COCO_train2014_000000005085.jpg
COCO 2014,train2014,666,content,640,480,data/coco/train2014/COCO_train2014_000000005086.jpg
COCO 2014,train2014,667,content,640,425,data/coco/train2014/COCO_train2014_000000005088.jpg
COCO 2014,train2014,668,content,640,425,data/coco/train2014/COCO_train2014_000000005094.jpg
COCO 2014,train2014,669,content,640,478,data/coco/train2014/COCO_train2014_000000005095.jpg
COCO 2014,train2014,670,content,640,424,data/coco/train2014/COCO_train2014_000000005099.jpg
COCO 2014,train2014,671,content,480,640,data/coco/train2014/COCO_train2014_000000005111.jpg
COCO 2014,train2014,672,content,478,640,data/coco/train2014/COCO_train2014_000000005113.jpg
COCO 2014,train2014,673,content,640,480,data/coco/train2014/COCO_train2014_000000005115.jpg
COCO 2014,train2014,674,content,640,427,data/coco/train2014/COCO_train2014_000000005131.jpg
COCO 2014,train2014,675,content,640,444,data/coco/train2014/COCO_train2014_000000005139.jpg
COCO 2014,train2014,676,content,480,640,data/coco/train2014/COCO_train2014_000000005140.jpg
COCO 2014,train2014,677,content,640,481,data/coco/train2014/COCO_train2014_000000005142.jpg
COCO 2014,train2014,678,content,640,480,data/coco/train2014/COCO_train2014_000000005151.jpg
COCO 2014,train2014,679,content,640,385,data/coco/train2014/COCO_train2014_000000005152.jpg
COCO 2014,train2014,680,content,640,480,data/coco/train2014/COCO_train2014_000000005156.jpg
COCO 2014,train2014,681,content,427,640,data/coco/train2014/COCO_train2014_000000005165.jpg
COCO 2014,train2014,682,content,640,480,data/coco/train2014/COCO_train2014_000000005169.jpg
COCO 2014,train2014,683,content,640,360,data/coco/train2014/COCO_train2014_000000005172.jpg
COCO 2014,train2014,684,content,640,480,data/coco/train2014/COCO_train2014_000000005174.jpg
COCO 2014,train2014,685,content,640,569,data/coco/train2014/COCO_train2014_000000005180.jpg
COCO 2014,train2014,686,content,640,480,data/coco/train2014/COCO_train2014_000000005198.jpg
COCO 2014,train2014,687,content,640,426,data/coco/train2014/COCO_train2014_000000005210.jpg
COCO 2014,train2014,688,content,640,474,data/coco/train2014/COCO_train2014_000000005215.jpg
COCO 2014,train2014,689,content,425,640,data/coco/train2014/COCO_train2014_000000005219.jpg
COCO 2014,train2014,690,content,640,347,data/coco/train2014/COCO_train2014_000000005237.jpg
COCO 2014,train2014,691,content,375,500,data/coco/train2014/COCO_train2014_000000005244.jpg
COCO 2014,train2014,692,content,640,425,data/coco/train2014/COCO_train2014_000000005253.jpg
COCO 2014,train2014,693,content,640,640,data/coco/train2014/COCO_train2014_000000005256.jpg
COCO 2014,train2014,694,content,640,467,data/coco/train2014/COCO_train2014_000000005259.jpg
COCO 2014,train2014,695,content,640,427,data/coco/train2014/COCO_train2014_000000005260.jpg
COCO 2014,train2014,696,content,427,640,data/coco/train2014/COCO_train2014_000000005263.jpg
COCO 2014,train2014,697,content,427,640,data/coco/train2014/COCO_train2014_000000005277.jpg
COCO 2014,train2014,698,content,640,480,data/coco/train2014/COCO_train2014_000000005288.jpg
COCO 2014,train2014,699,content,640,413,data/coco/train2014/COCO_train2014_000000005294.jpg
COCO 2014,train2014,700,content,640,480,data/coco/train2014/COCO_train2014_000000005303.jpg
COCO 2014,train2014,701,content,640,425,data/coco/train2014/COCO_train2014_000000005312.jpg
COCO 2014,train2014,702,content,640,371,data/coco/train2014/COCO_train2014_000000005313.jpg
COCO 2014,train2014,703,content,585,640,data/coco/train2014/COCO_train2014_000000005324.jpg
COCO 2014,train2014,704,content,640,480,data/coco/train2014/COCO_train2014_000000005326.jpg
COCO 2014,train2014,705,content,400,317,data/coco/train2014/COCO_train2014_000000005335.jpg
COCO 2014,train2014,706,content,640,432,data/coco/train2014/COCO_train2014_000000005336.jpg
COCO 2014,train2014,707,content,640,427,data/coco/train2014/COCO_train2014_000000005339.jpg
COCO 2014,train2014,708,content,640,480,data/coco/train2014/COCO_train2014_000000005340.jpg
COCO 2014,train2014,709,content,640,480,data/coco/train2014/COCO_train2014_000000005344.jpg
COCO 2014,train2014,710,content,640,346,data/coco/train2014/COCO_train2014_000000005345.jpg
COCO 2014,train2014,711,content,640,427,data/coco/train2014/COCO_train2014_000000005355.jpg
COCO 2014,train2014,712,content,640,426,data/coco/train2014/COCO_train2014_000000005359.jpg
COCO 2014,train2014,713,content,640,471,data/coco/train2014/COCO_train2014_000000005360.jpg
COCO 2014,train2014,714,content,500,333,data/coco/train2014/COCO_train2014_000000005362.jpg
COCO 2014,train2014,715,content,640,438,data/coco/train2014/COCO_train2014_000000005368.jpg
COCO 2014,train2014,716,content,640,426,data/coco/train2014/COCO_train2014_000000005373.jpg
COCO 2014,train2014,717,content,640,480,data/coco/train2014/COCO_train2014_000000005376.jpg
COCO 2014,train2014,718,content,333,500,data/coco/train2014/COCO_train2014_000000005377.jpg
COCO 2014,train2014,719,content,640,480,data/coco/train2014/COCO_train2014_000000005383.jpg
COCO 2014,train2014,720,content,640,426,data/coco/train2014/COCO_train2014_000000005396.jpg
COCO 2014,train2014,721,content,640,480,data/coco/train2014/COCO_train2014_000000005424.jpg
COCO 2014,train2014,722,content,500,333,data/coco/train2014/COCO_train2014_000000005425.jpg
COCO 2014,train2014,723,content,640,427,data/coco/train2014/COCO_train2014_000000005430.jpg
COCO 2014,train2014,724,content,480,640,data/coco/train2014/COCO_train2014_000000005434.jpg
COCO 2014,train2014,725,content,500,375,data/coco/train2014/COCO_train2014_000000005435.jpg
COCO 2014,train2014,726,content,640,480,data/coco/train2014/COCO_train2014_000000005453.jpg
COCO 2014,train2014,727,content,640,427,data/coco/train2014/COCO_train2014_000000005459.jpg
COCO 2014,train2014,728,content,438,640,data/coco/train2014/COCO_train2014_000000005469.jpg
COCO 2014,train2014,729,content,640,427,data/coco/train2014/COCO_train2014_000000005471.jpg
COCO 2014,train2014,730,content,640,480,data/coco/train2014/COCO_train2014_000000005472.jpg
COCO 2014,train2014,731,content,640,482,data/coco/train2014/COCO_train2014_000000005482.jpg
COCO 2014,train2014,732,content,640,568,data/coco/train2014/COCO_train2014_000000005483.jpg
COCO 2014,train2014,733,content,480,640,data/coco/train2014/COCO_train2014_000000005500.jpg
COCO 2014,train2014,734,content,640,640,data/coco/train2014/COCO_train2014_000000005505.jpg
COCO 2014,train2014,735,content,640,480,data/coco/train2014/COCO_train2014_000000005508.jpg
COCO 2014,train2014,736,content,500,375,data/coco/train2014/COCO_train2014_000000005522.jpg
COCO 2014,train2014,737,content,640,427,data/coco/train2014/COCO_train2014_000000005554.jpg
COCO 2014,train2014,738,content,640,425,data/coco/train2014/COCO_train2014_000000005557.jpg
COCO 2014,train2014,739,content,640,426,data/coco/train2014/COCO_train2014_000000005559.jpg
COCO 2014,train2014,740,content,640,428,data/coco/train2014/COCO_train2014_000000005564.jpg
COCO 2014,train2014,741,content,640,480,data/coco/train2014/COCO_train2014_000000005574.jpg
COCO 2014,train2014,742,content,612,612,data/coco/train2014/COCO_train2014_000000005587.jpg
COCO 2014,train2014,743,content,640,480,data/coco/train2014/COCO_train2014_000000005589.jpg
COCO 2014,train2014,744,content,640,427,data/coco/train2014/COCO_train2014_000000005608.jpg
COCO 2014,train2014,745,content,640,480,data/coco/train2014/COCO_train2014_000000005612.jpg
COCO 2014,train2014,746,content,640,426,data/coco/train2014/COCO_train2014_000000005614.jpg
COCO 2014,train2014,747,content,640,427,data/coco/train2014/COCO_train2014_000000005615.jpg
COCO 2014,train2014,748,content,640,361,data/coco/train2014/COCO_train2014_000000005619.jpg
COCO 2014,train2014,749,content,612,612,data/coco/train2014/COCO_train2014_000000005620.jpg
COCO 2014,train2014,750,content,640,480,data/coco/train2014/COCO_train2014_000000005632.jpg
COCO 2014,train2014,751,content,640,480,data/coco/train2014/COCO_train2014_000000005638.jpg
COCO 2014,train2014,752,content,640,480,data/coco/train2014/COCO_train2014_000000005641.jpg
COCO 2014,train2014,753,content,640,480,data/coco/train2014/COCO_train2014_000000005643.jpg
COCO 2014,train2014,754,content,640,480,data/coco/train2014/COCO_train2014_000000005649.jpg
COCO 2014,train2014,755,content,640,480,data/coco/train2014/COCO_train2014_000000005667.jpg
COCO 2014,train2014,756,content,640,480,data/coco/train2014/COCO_train2014_000000005669.jpg
COCO 2014,train2014,757,content,640,469,data/coco/train2014/COCO_train2014_000000005678.jpg
COCO 2014,train2014,758,content,396,500,data/coco/train2014/COCO_train2014_000000005683.jpg
COCO 2014,train2014,759,content,640,427,data/coco/train2014/COCO_train2014_000000005684.jpg
COCO 2014,train2014,760,content,640,480,data/coco/train2014/COCO_train2014_000000005688.jpg
COCO 2014,train2014,761,content,500,375,data/coco/train2014/COCO_train2014_000000005689.jpg
COCO 2014,train2014,762,content,640,425,data/coco/train2014/COCO_train2014_000000005692.jpg
COCO 2014,train2014,763,content,600,400,data/coco/train2014/COCO_train2014_000000005699.jpg
COCO 2014,train2014,764,content,640,427,data/coco/train2014/COCO_train2014_000000005700.jpg
COCO 2014,train2014,765,content,480,640,data/coco/train2014/COCO_train2014_000000005701.jpg
COCO 2014,train2014,766,content,375,500,data/coco/train2014/COCO_train2014_000000005703.jpg
COCO 2014,train2014,767,content,425,640,data/coco/train2014/COCO_train2014_000000005715.jpg
COCO 2014,train2014,768,content,427,640,data/coco/train2014/COCO_train2014_000000005736.jpg
COCO 2014,train2014,769,content,640,480,data/coco/train2014/COCO_train2014_000000005740.jpg
COCO 2014,train2014,770,content,640,427,data/coco/train2014/COCO_train2014_000000005745.jpg
COCO 2014,train2014,771,content,480,640,data/coco/train2014/COCO_train2014_000000005755.jpg
COCO 2014,train2014,772,content,640,361,data/coco/train2014/COCO_train2014_000000005756.jpg
COCO 2014,train2014,773,content,640,473,data/coco/train2014/COCO_train2014_000000005757.jpg
COCO 2014,train2014,774,content,480,640,data/coco/train2014/COCO_train2014_000000005769.jpg
COCO 2014,train2014,775,content,640,480,data/coco/train2014/COCO_train2014_000000005782.jpg
COCO 2014,train2014,776,content,640,433,data/coco/train2014/COCO_train2014_000000005785.jpg
COCO 2014,train2014,777,content,427,640,data/coco/train2014/COCO_train2014_000000005809.jpg
COCO 2014,train2014,778,content,640,467,data/coco/train2014/COCO_train2014_000000005811.jpg
COCO 2014,train2014,779,content,640,429,data/coco/train2014/COCO_train2014_000000005823.jpg
COCO 2014,train2014,780,content,640,431,data/coco/train2014/COCO_train2014_000000005828.jpg
COCO 2014,train2014,781,content,640,427,data/coco/train2014/COCO_train2014_000000005830.jpg
COCO 2014,train2014,782,content,640,478,data/coco/train2014/COCO_train2014_000000005832.jpg
COCO 2014,train2014,783,content,640,480,data/coco/train2014/COCO_train2014_000000005862.jpg
COCO 2014,train2014,784,content,500,333,data/coco/train2014/COCO_train2014_000000005882.jpg
COCO 2014,train2014,785,content,425,640,data/coco/train2014/COCO_train2014_000000005883.jpg
COCO 2014,train2014,786,content,640,425,data/coco/train2014/COCO_train2014_000000005903.jpg
COCO 2014,train2014,787,content,612,612,data/coco/train2014/COCO_train2014_000000005906.jpg
COCO 2014,train2014,788,content,640,427,data/coco/train2014/COCO_train2014_000000005907.jpg
COCO 2014,train2014,789,content,640,482,data/coco/train2014/COCO_train2014_000000005913.jpg
COCO 2014,train2014,790,content,500,363,data/coco/train2014/COCO_train2014_000000005915.jpg
COCO 2014,train2014,791,content,378,500,data/coco/train2014/COCO_train2014_000000005916.jpg
COCO 2014,train2014,792,content,640,480,data/coco/train2014/COCO_train2014_000000005917.jpg
COCO 2014,train2014,793,content,640,426,data/coco/train2014/COCO_train2014_000000005933.jpg
COCO 2014,train2014,794,content,640,427,data/coco/train2014/COCO_train2014_000000005946.jpg
COCO 2014,train2014,795,content,640,424,data/coco/train2014/COCO_train2014_000000005947.jpg
COCO 2014,train2014,796,content,640,427,data/coco/train2014/COCO_train2014_000000005962.jpg
COCO 2014,train2014,797,content,640,439,data/coco/train2014/COCO_train2014_000000005967.jpg
COCO 2014,train2014,798,content,640,427,data/coco/train2014/COCO_train2014_000000005991.jpg
COCO 2014,train2014,799,content,340,640,data/coco/train2014/COCO_train2014_000000005994.jpg
COCO 2014,val2014,800,content,640,480,data/coco/val2014/COCO_train2014_000000006004.jpg
COCO 2014,val2014,801,content,640,428,data/coco/val2014/COCO_train2014_000000006010.jpg
COCO 2014,val2014,802,content,640,427,data/coco/val2014/COCO_train2014_000000006016.jpg
COCO 2014,val2014,803,content,640,480,data/coco/val2014/COCO_train2014_000000006026.jpg
COCO 2014,val2014,804,content,419,640,data/coco/val2014/COCO_train2014_000000006031.jpg
COCO 2014,val2014,805,content,616,640,data/coco/val2014/COCO_train2014_000000006041.jpg
COCO 2014,val2014,806,content,640,423,data/coco/val2014/COCO_train2014_000000006042.jpg
COCO 2014,val2014,807,content,640,459,data/coco/val2014/COCO_train2014_000000006051.jpg
COCO 2014,val2014,808,content,500,467,data/coco/val2014/COCO_train2014_000000006053.jpg
COCO 2014,val2014,809,content,640,427,data/coco/val2014/COCO_train2014_000000006057.jpg
COCO 2014,val2014,810,content,640,640,data/coco/val2014/COCO_train2014_000000006066.jpg
COCO 2014,val2014,811,content,640,361,data/coco/val2014/COCO_train2014_000000006068.jpg
COCO 2014,val2014,812,content,640,640,data/coco/val2014/COCO_train2014_000000006075.jpg
COCO 2014,val2014,813,content,640,427,data/coco/val2014/COCO_train2014_000000006101.jpg
COCO 2014,val2014,814,content,640,438,data/coco/val2014/COCO_train2014_000000006107.jpg
COCO 2014,val2014,815,content,426,640,data/coco/val2014/COCO_train2014_000000006120.jpg
COCO 2014,val2014,816,content,620,640,data/coco/val2014/COCO_train2014_000000006140.jpg
COCO 2014,val2014,817,content,500,364,data/coco/val2014/COCO_train2014_000000006146.jpg
COCO 2014,val2014,818,content,640,480,data/coco/val2014/COCO_train2014_000000006148.jpg
COCO 2014,val2014,819,content,640,427,data/coco/val2014/COCO_train2014_000000006151.jpg
COCO 2014,val2014,820,content,640,443,data/coco/val2014/COCO_train2014_000000006155.jpg
COCO 2014,val2014,821,content,457,640,data/coco/val2014/COCO_train2014_000000006160.jpg
COCO 2014,val2014,822,content,640,478,data/coco/val2014/COCO_train2014_000000006178.jpg
COCO 2014,val2014,823,content,640,417,data/coco/val2014/COCO_train2014_000000006182.jpg
COCO 2014,val2014,824,content,640,640,data/coco/val2014/COCO_train2014_000000006190.jpg
COCO 2014,val2014,825,content,640,383,data/coco/val2014/COCO_train2014_000000006197.jpg
COCO 2014,val2014,826,content,640,390,data/coco/val2014/COCO_train2014_000000006200.jpg
COCO 2014,val2014,827,content,640,427,data/coco/val2014/COCO_train2014_000000006216.jpg
COCO 2014,val2014,828,content,640,426,data/coco/val2014/COCO_train2014_000000006225.jpg
COCO 2014,val2014,829,content,640,413,data/coco/val2014/COCO_train2014_000000006229.jpg
COCO 2014,val2014,830,content,640,480,data/coco/val2014/COCO_train2014_000000006230.jpg
COCO 2014,val2014,831,content,640,480,data/coco/val2014/COCO_train2014_000000006233.jpg
COCO 2014,val2014,832,content,500,369,data/coco/val2014/COCO_train2014_000000006241.jpg
COCO 2014,val2014,833,content,640,457,data/coco/val2014/COCO_train2014_000000006247.jpg
COCO 2014,val2014,834,content,640,480,data/coco/val2014/COCO_train2014_000000006253.jpg
COCO 2014,val2014,835,content,640,427,data/coco/val2014/COCO_train2014_000000006262.jpg
COCO 2014,val2014,836,content,375,500,data/coco/val2014/COCO_train2014_000000006263.jpg
COCO 2014,val2014,837,content,500,377,data/coco/val2014/COCO_train2014_000000006268.jpg
COCO 2014,val2014,838,content,640,480,data/coco/val2014/COCO_train2014_000000006270.jpg
COCO 2014,val2014,839,content,640,427,data/coco/val2014/COCO_train2014_000000006287.jpg
COCO 2014,val2014,840,content,427,640,data/coco/val2014/COCO_train2014_000000006293.jpg
COCO 2014,val2014,841,content,500,491,data/coco/val2014/COCO_train2014_000000006295.jpg
COCO 2014,val2014,842,content,640,480,data/coco/val2014/COCO_train2014_000000006318.jpg
COCO 2014,val2014,843,content,640,480,data/coco/val2014/COCO_train2014_000000006327.jpg
COCO 2014,val2014,844,content,612,612,data/coco/val2014/COCO_train2014_000000006332.jpg
COCO 2014,val2014,845,content,640,425,data/coco/val2014/COCO_train2014_000000006334.jpg
COCO 2014,val2014,846,content,640,428,data/coco/val2014/COCO_train2014_000000006336.jpg
COCO 2014,val2014,847,content,640,480,data/coco/val2014/COCO_train2014_000000006338.jpg
COCO 2014,val2014,848,content,640,503,data/coco/val2014/COCO_train2014_000000006339.jpg
COCO 2014,val2014,849,content,640,425,data/coco/val2014/COCO_train2014_000000006352.jpg
COCO 2014,val2014,850,content,500,333,data/coco/val2014/COCO_train2014_000000006355.jpg
COCO 2014,val2014,851,content,480,640,data/coco/val2014/COCO_train2014_000000006357.jpg
COCO 2014,val2014,852,content,480,640,data/coco/val2014/COCO_train2014_000000006358.jpg
COCO 2014,val2014,853,content,640,480,data/coco/val2014/COCO_train2014_000000006363.jpg
COCO 2014,val2014,854,content,500,333,data/coco/val2014/COCO_train2014_000000006364.jpg
COCO 2014,val2014,855,content,486,640,data/coco/val2014/COCO_train2014_000000006379.jpg
COCO 2014,val2014,856,content,640,427,data/coco/val2014/COCO_train2014_000000006380.jpg
COCO 2014,val2014,857,content,640,428,data/coco/val2014/COCO_train2014_000000006406.jpg
COCO 2014,val2014,858,content,375,500,data/coco/val2014/COCO_train2014_000000006407.jpg
COCO 2014,val2014,859,content,375,500,data/coco/val2014/COCO_train2014_000000006409.jpg
COCO 2014,val2014,860,content,640,425,data/coco/val2014/COCO_train2014_000000006414.jpg
COCO 2014,val2014,861,content,640,512,data/coco/val2014/COCO_train2014_000000006421.jpg
COCO 2014,val2014,862,content,640,427,data/coco/val2014/COCO_train2014_000000006422.jpg
COCO 2014,val2014,863,content,640,427,data/coco/val2014/COCO_train2014_000000006424.jpg
COCO 2014,val2014,864,content,640,480,data/coco/val2014/COCO_train2014_000000006426.jpg
COCO 2014,val2014,865,content,480,640,data/coco/val2014/COCO_train2014_000000006428.jpg
COCO 2014,val2014,866,content,491,640,data/coco/val2014/COCO_train2014_000000006432.jpg
COCO 2014,val2014,867,content,640,427,data/coco/val2014/COCO_train2014_000000006447.jpg
COCO 2014,val2014,868,content,640,428,data/coco/val2014/COCO_train2014_000000006451.jpg
COCO 2014,val2014,869,content,640,427,data/coco/val2014/COCO_train2014_000000006464.jpg
COCO 2014,val2014,870,content,640,480,data/coco/val2014/COCO_train2014_000000006465.jpg
COCO 2014,val2014,871,content,427,640,data/coco/val2014/COCO_train2014_000000006481.jpg
COCO 2014,val2014,872,content,640,463,data/coco/val2014/COCO_train2014_000000006488.jpg
COCO 2014,val2014,873,content,427,640,data/coco/val2014/COCO_train2014_000000006489.jpg
COCO 2014,val2014,874,content,640,427,data/coco/val2014/COCO_train2014_000000006491.jpg
COCO 2014,val2014,875,content,333,500,data/coco/val2014/COCO_train2014_000000006512.jpg
COCO 2014,val2014,876,content,480,640,data/coco/val2014/COCO_train2014_000000006517.jpg
COCO 2014,val2014,877,content,640,480,data/coco/val2014/COCO_train2014_000000006518.jpg
COCO 2014,val2014,878,content,612,612,data/coco/val2014/COCO_train2014_000000006520.jpg
COCO 2014,val2014,879,content,480,640,data/coco/val2014/COCO_train2014_000000006522.jpg
COCO 2014,val2014,880,content,480,640,data/coco/val2014/COCO_train2014_000000006531.jpg
COCO 2014,val2014,881,content,640,426,data/coco/val2014/COCO_train2014_000000006539.jpg
COCO 2014,val2014,882,content,640,427,data/coco/val2014/COCO_train2014_000000006541.jpg
COCO 2014,val2014,883,content,640,427,data/coco/val2014/COCO_train2014_000000006560.jpg
COCO 2014,val2014,884,content,640,433,data/coco/val2014/COCO_train2014_000000006562.jpg
COCO 2014,val2014,885,content,640,480,data/coco/val2014/COCO_train2014_000000006572.jpg
COCO 2014,val2014,886,content,500,332,data/coco/val2014/COCO_train2014_000000006578.jpg
COCO 2014,val2014,887,content,612,612,data/coco/val2014/COCO_train2014_000000006586.jpg
COCO 2014,val2014,888,content,640,480,data/coco/val2014/COCO_train2014_000000006590.jpg
COCO 2014,val2014,889,content,640,480,data/coco/val2014/COCO_train2014_000000006595.jpg
COCO 2014,val2014,890,content,640,476,data/coco/val2014/COCO_train2014_000000006599.jpg
COCO 2014,val2014,891,content,640,388,data/coco/val2014/COCO_train2014_000000006602.jpg
COCO 2014,val2014,892,content,427,640,data/coco/val2014/COCO_train2014_000000006603.jpg
COCO 2014,val2014,893,content,640,353,data/coco/val2014/COCO_train2014_000000006627.jpg
COCO 2014,val2014,894,content,640,426,data/coco/val2014/COCO_train2014_000000006631.jpg
COCO 2014,val2014,895,content,428,640,data/coco/val2014/COCO_train2014_000000006632.jpg
COCO 2014,val2014,896,content,640,457,data/coco/val2014/COCO_train2014_000000006640.jpg
COCO 2014,val2014,897,content,640,424,data/coco/val2014/COCO_train2014_000000006647.jpg
COCO 2014,val2014,898,content,640,427,data/coco/val2014/COCO_train2014_000000006651.jpg
COCO 2014,val2014,899,content,475,500,data/coco/val2014/COCO_train2014_000000006664.jpg
COCO 2014,val2014,900,content,426,640,data/coco/val2014/COCO_train2014_000000006675.jpg
COCO 2014,val2014,901,content,640,640,data/coco/val2014/COCO_train2014_000000006692.jpg
COCO 2014,val2014,902,content,640,480,data/coco/val2014/COCO_train2014_000000006709.jpg
COCO 2014,val2014,903,content,640,480,data/coco/val2014/COCO_train2014_000000006710.jpg
COCO 2014,val2014,904,content,640,480,data/coco/val2014/COCO_train2014_000000006715.jpg
COCO 2014,val2014,905,content,500,471,data/coco/val2014/COCO_train2014_000000006721.jpg
COCO 2014,val2014,906,content,640,480,data/coco/val2014/COCO_train2014_000000006725.jpg
COCO 2014,val2014,907,content,640,480,data/coco/val2014/COCO_train2014_000000006730.jpg
COCO 2014,val2014,908,content,640,481,data/coco/val2014/COCO_train2014_000000006733.jpg
COCO 2014,val2014,909,content,480,640,data/coco/val2014/COCO_train2014_000000006744.jpg
COCO 2014,val2014,910,content,640,480,data/coco/val2014/COCO_train2014_000000006747.jpg
COCO 2014,val2014,911,content,428,640,data/coco/val2014/COCO_train2014_000000006749.jpg
COCO 2014,val2014,912,content,443,640,data/coco/val2014/COCO_train2014_000000006753.jpg
COCO 2014,val2014,913,content,640,426,data/coco/val2014/COCO_train2014_000000006760.jpg
COCO 2014,val2014,914,content,427,640,data/coco/val2014/COCO_train2014_000000006764.jpg
COCO 2014,val2014,915,content,640,427,data/coco/val2014/COCO_train2014_000000006765.jpg
COCO 2014,val2014,916,content,500,375,data/coco/val2014/COCO_train2014_000000006773.jpg
COCO 2014,val2014,917,content,425,640,data/coco/val2014/COCO_train2014_000000006777.jpg
COCO 2014,val2014,918,content,640,359,data/coco/val2014/COCO_train2014_000000006780.jpg
COCO 2014,val2014,919,content,640,406,data/coco/val2014/COCO_train2014_000000006790.jpg
COCO 2014,val2014,920,content,640,427,data/coco/val2014/COCO_train2014_000000006792.jpg
COCO 2014,val2014,921,content,500,328,data/coco/val2014/COCO_train2014_000000006800.jpg
COCO 2014,val2014,922,content,640,480,data/coco/val2014/COCO_train2014_000000006809.jpg
COCO 2014,val2014,923,content,640,426,data/coco/val2014/COCO_train2014_000000006811.jpg
COCO 2014,val2014,924,content,640,238,data/coco/val2014/COCO_train2014_000000006819.jpg
COCO 2014,val2014,925,content,640,429,data/coco/val2014/COCO_train2014_000000006824.jpg
COCO 2014,val2014,926,content,640,480,data/coco/val2014/COCO_train2014_000000006842.jpg
COCO 2014,val2014,927,content,640,473,data/coco/val2014/COCO_train2014_000000006846.jpg
COCO 2014,val2014,928,content,640,424,data/coco/val2014/COCO_train2014_000000006860.jpg
COCO 2014,val2014,929,content,640,383,data/coco/val2014/COCO_train2014_000000006862.jpg
COCO 2014,val2014,930,content,640,480,data/coco/val2014/COCO_train2014_000000006873.jpg
COCO 2014,val2014,931,content,480,640,data/coco/val2014/COCO_train2014_000000006901.jpg
COCO 2014,val2014,932,content,640,480,data/coco/val2014/COCO_train2014_000000006914.jpg
COCO 2014,val2014,933,content,640,426,data/coco/val2014/COCO_train2014_000000006920.jpg
COCO 2014,val2014,934,content,640,426,data/coco/val2014/COCO_train2014_000000006935.jpg
COCO 2014,val2014,935,content,640,322,data/coco/val2014/COCO_train2014_000000006936.jpg
COCO 2014,val2014,936,content,414,330,data/coco/val2014/COCO_train2014_000000006941.jpg
COCO 2014,val2014,937,content,640,425,data/coco/val2014/COCO_train2014_000000006943.jpg
COCO 2014,val2014,938,content,500,346,data/coco/val2014/COCO_train2014_000000006945.jpg
COCO 2014,val2014,939,content,640,226,data/coco/val2014/COCO_train2014_000000006957.jpg
COCO 2014,val2014,940,content,478,640,data/coco/val2014/COCO_train2014_000000006964.jpg
COCO 2014,val2014,941,content,612,612,data/coco/val2014/COCO_train2014_000000006973.jpg
COCO 2014,val2014,942,content,556,640,data/coco/val2014/COCO_train2014_000000006981.jpg
COCO 2014,val2014,943,content,500,333,data/coco/val2014/COCO_train2014_000000006990.jpg
COCO 2014,val2014,944,content,333,500,data/coco/val2014/COCO_train2014_000000006996.jpg
COCO 2014,val2014,945,content,640,426,data/coco/val2014/COCO_train2014_000000006998.jpg
COCO 2014,val2014,946,content,640,427,data/coco/val2014/COCO_train2014_000000007022.jpg
COCO 2014,val2014,947,content,640,427,data/coco/val2014/COCO_train2014_000000007028.jpg
COCO 2014,val2014,948,content,640,379,data/coco/val2014/COCO_train2014_000000007035.jpg
COCO 2014,val2014,949,content,426,640,data/coco/val2014/COCO_train2014_000000007040.jpg
COCO 2014,val2014,950,content,640,427,data/coco/val2014/COCO_train2014_000000007048.jpg
COCO 2014,val2014,951,content,427,640,data/coco/val2014/COCO_train2014_000000007049.jpg
COCO 2014,val2014,952,content,640,428,data/coco/val2014/COCO_train2014_000000007069.jpg
COCO 2014,val2014,953,content,640,480,data/coco/val2014/COCO_train2014_000000007090.jpg
COCO 2014,val2014,954,content,428,640,data/coco/val2014/COCO_train2014_000000007095.jpg
COCO 2014,val2014,955,content,500,375,data/coco/val2014/COCO_train2014_000000007103.jpg
COCO 2014,val2014,956,content,333,500,data/coco/val2014/COCO_train2014_000000007104.jpg
COCO 2014,val2014,957,content,640,427,data/coco/val2014/COCO_train2014_000000007116.jpg
COCO 2014,val2014,958,content,640,428,data/coco/val2014/COCO_train2014_000000007123.jpg
COCO 2014,val2014,959,content,640,426,data/coco/val2014/COCO_train2014_000000007124.jpg
COCO 2014,val2014,960,content,480,640,data/coco/val2014/COCO_train2014_000000007129.jpg
COCO 2014,val2014,961,content,640,427,data/coco/val2014/COCO_train2014_000000007139.jpg
COCO 2014,val2014,962,content,281,500,data/coco/val2014/COCO_train2014_000000007143.jpg
COCO 2014,val2014,963,content,500,375,data/coco/val2014/COCO_train2014_000000007145.jpg
COCO 2014,val2014,964,content,640,480,data/coco/val2014/COCO_train2014_000000007150.jpg
COCO 2014,val2014,965,content,476,640,data/coco/val2014/COCO_train2014_000000007159.jpg
COCO 2014,val2014,966,content,640,480,data/coco/val2014/COCO_train2014_000000007167.jpg
COCO 2014,val2014,967,content,612,612,data/coco/val2014/COCO_train2014_000000007174.jpg
COCO 2014,val2014,968,content,640,506,data/coco/val2014/COCO_train2014_000000007179.jpg
COCO 2014,val2014,969,content,640,427,data/coco/val2014/COCO_train2014_000000007201.jpg
COCO 2014,val2014,970,content,640,434,data/coco/val2014/COCO_train2014_000000007205.jpg
COCO 2014,val2014,971,content,640,480,data/coco/val2014/COCO_train2014_000000007220.jpg
COCO 2014,val2014,972,content,640,480,data/coco/val2014/COCO_train2014_000000007221.jpg
COCO 2014,val2014,973,content,480,640,data/coco/val2014/COCO_train2014_000000007224.jpg
COCO 2014,val2014,974,content,500,375,data/coco/val2014/COCO_train2014_000000007228.jpg
COCO 2014,val2014,975,content,640,426,data/coco/val2014/COCO_train2014_000000007232.jpg
COCO 2014,val2014,976,content,335,500,data/coco/val2014/COCO_train2014_000000007239.jpg
COCO 2014,val2014,977,content,375,500,data/coco/val2014/COCO_train2014_000000007247.jpg
COCO 2014,val2014,978,content,640,480,data/coco/val2014/COCO_train2014_000000007251.jpg
COCO 2014,val2014,979,content,429,640,data/coco/val2014/COCO_train2014_000000007275.jpg
COCO 2014,val2014,980,content,375,500,data/coco/val2014/COCO_train2014_000000007277.jpg
COCO 2014,val2014,981,content,640,442,data/coco/val2014/COCO_train2014_000000007307.jpg
COCO 2014,val2014,982,content,640,480,data/coco/val2014/COCO_train2014_000000007318.jpg
COCO 2014,val2014,983,content,480,640,data/coco/val2014/COCO_train2014_000000007319.jpg
COCO 2014,val2014,984,content,640,388,data/coco/val2014/COCO_train2014_000000007357.jpg
COCO 2014,val2014,985,content,640,427,data/coco/val2014/COCO_train2014_000000007361.jpg
COCO 2014,val2014,986,content,640,480,data/coco/val2014/COCO_train2014_000000007367.jpg
COCO 2014,val2014,987,content,640,427,data/coco/val2014/COCO_train2014_000000007393.jpg
COCO 2014,val2014,988,content,640,404,data/coco/val2014/COCO_train2014_000000007396.jpg
COCO 2014,val2014,989,content,427,640,data/coco/val2014/COCO_train2014_000000007420.jpg
COCO 2014,val2014,990,content,482,640,data/coco/val2014/COCO_train2014_000000007424.jpg
COCO 2014,val2014,991,content,640,424,data/coco/val2014/COCO_train2014_000000007452.jpg
COCO 2014,val2014,992,content,640,418,data/coco/val2014/COCO_train2014_000000007455.jpg
COCO 2014,val2014,993,content,500,498,data/coco/val2014/COCO_train2014_000000007476.jpg
COCO 2014,val2014,994,content,640,202,data/coco/val2014/COCO_train2014_000000007489.jpg
COCO 2014,val2014,995,content,640,426,data/coco/val2014/COCO_train2014_000000007498.jpg
COCO 2014,val2014,996,content,640,428,data/coco/val2014/COCO_train2014_000000007500.jpg
COCO 2014,val2014,997,content,640,495,data/coco/val2014/COCO_train2014_000000007503.jpg
COCO 2014,val2014,998,content,640,422,data/coco/val2014/COCO_train2014_000000007504.jpg
COCO 2014,val2014,999,content,640,428,data/coco/val2014/COCO_train2014_000000007510.jpg
WikiArt,all,0,Realism,750,597,data/wikiart/Realism/wikiart_000000.jpg
WikiArt,all,1,Baroque,1382,1659,data/wikiart/Baroque/wikiart_000001.jpg
WikiArt,all,2,Post_Impressionism,1382,1673,data/wikiart/Post_Impressionism/wikiart_000002.jpg
WikiArt,all,3,Impressionism,1472,1382,data/wikiart/Impressionism/wikiart_000003.jpg
WikiArt,all,4,Romanticism,1965,1382,data/wikiart/Romanticism/wikiart_000004.jpg
WikiArt,all,5,Art_Nouveau,1710,1382,data/wikiart/Art_Nouveau/wikiart_000005.jpg
WikiArt,all,6,Realism,1382,1896,data/wikiart/Realism/wikiart_000006.jpg
WikiArt,all,7,Romanticism,1744,1382,data/wikiart/Romanticism/wikiart_000007.jpg
WikiArt,all,8,Northern_Renaissance,1382,2149,data/wikiart/Northern_Renaissance/wikiart_000008.jpg
WikiArt,all,9,Realism,1382,2341,data/wikiart/Realism/wikiart_000009.jpg
WikiArt,all,10,Romanticism,2126,1382,data/wikiart/Romanticism/wikiart_000010.jpg
WikiArt,all,11,Symbolism,1423,1382,data/wikiart/Symbolism/wikiart_000011.jpg
WikiArt,all,12,Symbolism,2327,1382,data/wikiart/Symbolism/wikiart_000012.jpg
WikiArt,all,13,Realism,1382,1806,data/wikiart/Realism/wikiart_000013.jpg
WikiArt,all,14,Impressionism,1382,1731,data/wikiart/Impressionism/wikiart_000014.jpg
WikiArt,all,15,Naive_Art_Primitivism,1382,1777,data/wikiart/Naive_Art_Primitivism/wikiart_000015.jpg
WikiArt,all,16,Realism,1382,2370,data/wikiart/Realism/wikiart_000016.jpg
WikiArt,all,17,Romanticism,1382,1864,data/wikiart/Romanticism/wikiart_000017.jpg
WikiArt,all,18,Romanticism,1706,1382,data/wikiart/Romanticism/wikiart_000018.jpg
WikiArt,all,19,Romanticism,1382,1849,data/wikiart/Romanticism/wikiart_000019.jpg
WikiArt,all,20,Baroque,1382,1664,data/wikiart/Baroque/wikiart_000020.jpg
WikiArt,all,21,Realism,1382,2002,data/wikiart/Realism/wikiart_000021.jpg
WikiArt,all,22,Impressionism,1940,1382,data/wikiart/Impressionism/wikiart_000022.jpg
WikiArt,all,23,Expressionism,1883,1382,data/wikiart/Expressionism/wikiart_000023.jpg
WikiArt,all,24,Baroque,1382,1656,data/wikiart/Baroque/wikiart_000024.jpg
WikiArt,all,25,Impressionism,1727,1382,data/wikiart/Impressionism/wikiart_000025.jpg
WikiArt,all,26,Symbolism,1763,1382,data/wikiart/Symbolism/wikiart_000026.jpg
WikiArt,all,27,Expressionism,1382,1864,data/wikiart/Expressionism/wikiart_000027.jpg
WikiArt,all,28,Realism,2236,1382,data/wikiart/Realism/wikiart_000028.jpg
WikiArt,all,29,Realism,1382,1832,data/wikiart/Realism/wikiart_000029.jpg
WikiArt,all,30,Realism,1382,1808,data/wikiart/Realism/wikiart_000030.jpg
WikiArt,all,31,Northern_Renaissance,1382,2406,data/wikiart/Northern_Renaissance/wikiart_000031.jpg
WikiArt,all,32,Post_Impressionism,1746,1382,data/wikiart/Post_Impressionism/wikiart_000032.jpg
WikiArt,all,33,Naive_Art_Primitivism,1382,1857,data/wikiart/Naive_Art_Primitivism/wikiart_000033.jpg
WikiArt,all,34,Expressionism,1382,1832,data/wikiart/Expressionism/wikiart_000034.jpg
WikiArt,all,35,Romanticism,1927,1382,data/wikiart/Romanticism/wikiart_000035.jpg
WikiArt,all,36,Naive_Art_Primitivism,1382,1744,data/wikiart/Naive_Art_Primitivism/wikiart_000036.jpg
WikiArt,all,37,Art_Nouveau,1382,2068,data/wikiart/Art_Nouveau/wikiart_000037.jpg
WikiArt,all,38,Art_Nouveau,1382,2096,data/wikiart/Art_Nouveau/wikiart_000038.jpg
WikiArt,all,39,Baroque,1382,1725,data/wikiart/Baroque/wikiart_000039.jpg
WikiArt,all,40,Impressionism,1382,1700,data/wikiart/Impressionism/wikiart_000040.jpg
WikiArt,all,41,Realism,1382,1943,data/wikiart/Realism/wikiart_000041.jpg
WikiArt,all,42,Symbolism,1902,1382,data/wikiart/Symbolism/wikiart_000042.jpg
WikiArt,all,43,Impressionism,2258,1382,data/wikiart/Impressionism/wikiart_000043.jpg
WikiArt,all,44,Impressionism,1987,1382,data/wikiart/Impressionism/wikiart_000044.jpg
WikiArt,all,45,Expressionism,1382,1908,data/wikiart/Expressionism/wikiart_000045.jpg
WikiArt,all,46,Northern_Renaissance,1382,2062,data/wikiart/Northern_Renaissance/wikiart_000046.jpg
WikiArt,all,47,Post_Impressionism,1889,1382,data/wikiart/Post_Impressionism/wikiart_000047.jpg
WikiArt,all,48,Realism,1382,2606,data/wikiart/Realism/wikiart_000048.jpg
WikiArt,all,49,Post_Impressionism,1382,1644,data/wikiart/Post_Impressionism/wikiart_000049.jpg
WikiArt,all,50,Post_Impressionism,1382,1868,data/wikiart/Post_Impressionism/wikiart_000050.jpg
WikiArt,all,51,Art_Nouveau,1382,2144,data/wikiart/Art_Nouveau/wikiart_000051.jpg
WikiArt,all,52,Realism,2678,1382,data/wikiart/Realism/wikiart_000052.jpg
WikiArt,all,53,Impressionism,1382,1753,data/wikiart/Impressionism/wikiart_000053.jpg
WikiArt,all,54,Post_Impressionism,1751,1382,data/wikiart/Post_Impressionism/wikiart_000054.jpg
WikiArt,all,55,Baroque,1382,1675,data/wikiart/Baroque/wikiart_000055.jpg
WikiArt,all,56,Realism,1924,1382,data/wikiart/Realism/wikiart_000056.jpg
WikiArt,all,57,Impressionism,1382,1666,data/wikiart/Impressionism/wikiart_000057.jpg
WikiArt,all,58,Realism,1382,1542,data/wikiart/Realism/wikiart_000058.jpg
WikiArt,all,59,Symbolism,2357,1382,data/wikiart/Symbolism/wikiart_000059.jpg
WikiArt,all,60,Northern_Renaissance,1382,1756,data/wikiart/Northern_Renaissance/wikiart_000060.jpg
WikiArt,all,61,Northern_Renaissance,1382,2003,data/wikiart/Northern_Renaissance/wikiart_000061.jpg
WikiArt,all,62,Romanticism,1382,1722,data/wikiart/Romanticism/wikiart_000062.jpg
WikiArt,all,63,Art_Nouveau,2105,1382,data/wikiart/Art_Nouveau/wikiart_000063.jpg
WikiArt,all,64,Realism,2245,1382,data/wikiart/Realism/wikiart_000064.jpg
WikiArt,all,65,Romanticism,1382,1663,data/wikiart/Romanticism/wikiart_000065.jpg
WikiArt,all,66,Romanticism,1382,1816,data/wikiart/Romanticism/wikiart_000066.jpg
WikiArt,all,67,Impressionism,1382,1566,data/wikiart/Impressionism/wikiart_000067.jpg
WikiArt,all,68,Naive_Art_Primitivism,1382,2764,data/wikiart/Naive_Art_Primitivism/wikiart_000068.jpg
WikiArt,all,69,Realism,1941,1382,data/wikiart/Realism/wikiart_000069.jpg
WikiArt,all,70,Northern_Renaissance,1382,1974,data/wikiart/Northern_Renaissance/wikiart_000070.jpg
WikiArt,all,71,Impressionism,2045,1382,data/wikiart/Impressionism/wikiart_000071.jpg
WikiArt,all,72,Realism,1382,2004,data/wikiart/Realism/wikiart_000072.jpg
WikiArt,all,73,Symbolism,1893,1382,data/wikiart/Symbolism/wikiart_000073.jpg
WikiArt,all,74,Impressionism,1382,2212,data/wikiart/Impressionism/wikiart_000074.jpg
WikiArt,all,75,Impressionism,1382,1682,data/wikiart/Impressionism/wikiart_000075.jpg
WikiArt,all,76,Impressionism,1685,1382,data/wikiart/Impressionism/wikiart_000076.jpg
WikiArt,all,77,Impressionism,1906,1382,data/wikiart/Impressionism/wikiart_000077.jpg
WikiArt,all,78,Impressionism,1382,1382,data/wikiart/Impressionism/wikiart_000078.jpg
WikiArt,all,79,Impressionism,1668,1382,data/wikiart/Impressionism/wikiart_000079.jpg
WikiArt,all,80,Post_Impressionism,1899,1382,data/wikiart/Post_Impressionism/wikiart_000080.jpg
WikiArt,all,81,Impressionism,1552,1382,data/wikiart/Impressionism/wikiart_000081.jpg
WikiArt,all,82,Romanticism,1382,1744,data/wikiart/Romanticism/wikiart_000082.jpg
WikiArt,all,83,Symbolism,2108,1382,data/wikiart/Symbolism/wikiart_000083.jpg
WikiArt,all,84,Impressionism,1752,1382,data/wikiart/Impressionism/wikiart_000084.jpg
WikiArt,all,85,Impressionism,2146,1382,data/wikiart/Impressionism/wikiart_000085.jpg
WikiArt,all,86,Impressionism,1995,1382,data/wikiart/Impressionism/wikiart_000086.jpg
WikiArt,all,87,Post_Impressionism,1968,1382,data/wikiart/Post_Impressionism/wikiart_000087.jpg
WikiArt,all,88,Art_Nouveau,1845,1382,data/wikiart/Art_Nouveau/wikiart_000088.jpg
WikiArt,all,89,Impressionism,1776,1382,data/wikiart/Impressionism/wikiart_000089.jpg
WikiArt,all,90,Impressionism,2462,1382,data/wikiart/Impressionism/wikiart_000090.jpg
WikiArt,all,91,Expressionism,1842,1382,data/wikiart/Expressionism/wikiart_000091.jpg
WikiArt,all,92,Impressionism,1939,1382,data/wikiart/Impressionism/wikiart_000092.jpg
WikiArt,all,93,Realism,1382,1601,data/wikiart/Realism/wikiart_000093.jpg
WikiArt,all,94,Impressionism,2050,1382,data/wikiart/Impressionism/wikiart_000094.jpg
WikiArt,all,95,Symbolism,1823,1382,data/wikiart/Symbolism/wikiart_000095.jpg
WikiArt,all,96,Impressionism,2126,1382,data/wikiart/Impressionism/wikiart_000096.jpg
WikiArt,all,97,Impressionism,1865,1382,data/wikiart/Impressionism/wikiart_000097.jpg
WikiArt,all,98,Baroque,1382,1718,data/wikiart/Baroque/wikiart_000098.jpg
WikiArt,all,99,Cubism,1669,1382,data/wikiart/Cubism/wikiart_000099.jpg
WikiArt,all,100,Northern_Renaissance,1532,1382,data/wikiart/Northern_Renaissance/wikiart_000100.jpg
WikiArt,all,101,Symbolism,2073,1382,data/wikiart/Symbolism/wikiart_000101.jpg
WikiArt,all,102,Expressionism,1632,1382,data/wikiart/Expressionism/wikiart_000102.jpg
WikiArt,all,103,Cubism,2229,1382,data/wikiart/Cubism/wikiart_000103.jpg
WikiArt,all,104,Post_Impressionism,1382,1718,data/wikiart/Post_Impressionism/wikiart_000104.jpg
WikiArt,all,105,Symbolism,2196,1381,data/wikiart/Symbolism/wikiart_000105.jpg
WikiArt,all,106,Art_Nouveau,1382,1596,data/wikiart/Art_Nouveau/wikiart_000106.jpg
WikiArt,all,107,Romanticism,2211,1382,data/wikiart/Romanticism/wikiart_000107.jpg
WikiArt,all,108,Cubism,1863,1382,data/wikiart/Cubism/wikiart_000108.jpg
WikiArt,all,109,Symbolism,2155,1382,data/wikiart/Symbolism/wikiart_000109.jpg
WikiArt,all,110,Post_Impressionism,1804,1382,data/wikiart/Post_Impressionism/wikiart_000110.jpg
WikiArt,all,111,Baroque,1710,1382,data/wikiart/Baroque/wikiart_000111.jpg
WikiArt,all,112,Symbolism,2386,1382,data/wikiart/Symbolism/wikiart_000112.jpg
WikiArt,all,113,Realism,1382,2329,data/wikiart/Realism/wikiart_000113.jpg
WikiArt,all,114,Baroque,1917,1382,data/wikiart/Baroque/wikiart_000114.jpg
WikiArt,all,115,Post_Impressionism,1382,1924,data/wikiart/Post_Impressionism/wikiart_000115.jpg
WikiArt,all,116,Impressionism,1552,1382,data/wikiart/Impressionism/wikiart_000116.jpg
WikiArt,all,117,Realism,1582,1382,data/wikiart/Realism/wikiart_000117.jpg
WikiArt,all,118,Realism,1382,1808,data/wikiart/Realism/wikiart_000118.jpg
WikiArt,all,119,Impressionism,2530,1381,data/wikiart/Impressionism/wikiart_000119.jpg
WikiArt,all,120,Romanticism,1743,1382,data/wikiart/Romanticism/wikiart_000120.jpg
WikiArt,all,121,Naive_Art_Primitivism,1382,1803,data/wikiart/Naive_Art_Primitivism/wikiart_000121.jpg
WikiArt,all,122,Impressionism,1944,1382,data/wikiart/Impressionism/wikiart_000122.jpg
WikiArt,all,123,Romanticism,1382,1878,data/wikiart/Romanticism/wikiart_000123.jpg
WikiArt,all,124,Realism,1382,1584,data/wikiart/Realism/wikiart_000124.jpg
WikiArt,all,125,Northern_Renaissance,1382,1691,data/wikiart/Northern_Renaissance/wikiart_000125.jpg
WikiArt,all,126,Impressionism,1946,1382,data/wikiart/Impressionism/wikiart_000126.jpg
WikiArt,all,127,Baroque,1381,1682,data/wikiart/Baroque/wikiart_000127.jpg
WikiArt,all,128,Post_Impressionism,1764,1382,data/wikiart/Post_Impressionism/wikiart_000128.jpg
WikiArt,all,129,Post_Impressionism,1802,1382,data/wikiart/Post_Impressionism/wikiart_000129.jpg
WikiArt,all,130,Romanticism,1382,1914,data/wikiart/Romanticism/wikiart_000130.jpg
WikiArt,all,131,Realism,1382,1885,data/wikiart/Realism/wikiart_000131.jpg
WikiArt,all,132,Realism,1382,1807,data/wikiart/Realism/wikiart_000132.jpg
WikiArt,all,133,Realism,1382,2554,data/wikiart/Realism/wikiart_000133.jpg
WikiArt,all,134,Impressionism,1661,1382,data/wikiart/Impressionism/wikiart_000134.jpg
WikiArt,all,135,Naive_Art_Primitivism,1382,1697,data/wikiart/Naive_Art_Primitivism/wikiart_000135.jpg
WikiArt,all,136,Realism,1693,1382,data/wikiart/Realism/wikiart_000136.jpg
WikiArt,all,137,Art_Nouveau,1979,1382,data/wikiart/Art_Nouveau/wikiart_000137.jpg
WikiArt,all,138,Symbolism,2073,1382,data/wikiart/Symbolism/wikiart_000138.jpg
WikiArt,all,139,Naive_Art_Primitivism,1996,1382,data/wikiart/Naive_Art_Primitivism/wikiart_000139.jpg
WikiArt,all,140,Realism,1382,2280,data/wikiart/Realism/wikiart_000140.jpg
WikiArt,all,141,Impressionism,1625,1382,data/wikiart/Impressionism/wikiart_000141.jpg
WikiArt,all,142,Symbolism,2344,1382,data/wikiart/Symbolism/wikiart_000142.jpg
WikiArt,all,143,Impressionism,1381,2087,data/wikiart/Impressionism/wikiart_000143.jpg
WikiArt,all,144,Realism,1382,1774,data/wikiart/Realism/wikiart_000144.jpg
WikiArt,all,145,Realism,1856,1382,data/wikiart/Realism/wikiart_000145.jpg
WikiArt,all,146,Post_Impressionism,2018,1382,data/wikiart/Post_Impressionism/wikiart_000146.jpg
WikiArt,all,147,Northern_Renaissance,1382,1974,data/wikiart/Northern_Renaissance/wikiart_000147.jpg
WikiArt,all,148,Impressionism,1898,1382,data/wikiart/Impressionism/wikiart_000148.jpg
WikiArt,all,149,Cubism,1729,1382,data/wikiart/Cubism/wikiart_000149.jpg
WikiArt,all,150,Expressionism,1736,1382,data/wikiart/Expressionism/wikiart_000150.jpg
WikiArt,all,151,Impressionism,1967,1382,data/wikiart/Impressionism/wikiart_000151.jpg
WikiArt,all,152,Realism,2039,1382,data/wikiart/Realism/wikiart_000152.jpg
WikiArt,all,153,Post_Impressionism,1382,1611,data/wikiart/Post_Impressionism/wikiart_000153.jpg
WikiArt,all,154,Romanticism,1382,1714,data/wikiart/Romanticism/wikiart_000154.jpg
WikiArt,all,155,Impressionism,1382,1917,data/wikiart/Impressionism/wikiart_000155.jpg
WikiArt,all,156,Art_Nouveau,1741,1382,data/wikiart/Art_Nouveau/wikiart_000156.jpg
WikiArt,all,157,Impressionism,1475,1382,data/wikiart/Impressionism/wikiart_000157.jpg
WikiArt,all,158,Romanticism,2165,1382,data/wikiart/Romanticism/wikiart_000158.jpg
WikiArt,all,159,Cubism,1382,1690,data/wikiart/Cubism/wikiart_000159.jpg
WikiArt,all,160,Impressionism,1382,1818,data/wikiart/Impressionism/wikiart_000160.jpg
WikiArt,all,161,Impressionism,2334,1382,data/wikiart/Impressionism/wikiart_000161.jpg
WikiArt,all,162,Post_Impressionism,1753,1382,data/wikiart/Post_Impressionism/wikiart_000162.jpg
WikiArt,all,163,Post_Impressionism,1886,1382,data/wikiart/Post_Impressionism/wikiart_000163.jpg
WikiArt,all,164,Realism,1382,2180,data/wikiart/Realism/wikiart_000164.jpg
WikiArt,all,165,Naive_Art_Primitivism,1382,1926,data/wikiart/Naive_Art_Primitivism/wikiart_000165.jpg
WikiArt,all,166,Northern_Renaissance,1382,1737,data/wikiart/Northern_Renaissance/wikiart_000166.jpg
WikiArt,all,167,Northern_Renaissance,1382,1918,data/wikiart/Northern_Renaissance/wikiart_000167.jpg
WikiArt,all,168,Post_Impressionism,1791,1382,data/wikiart/Post_Impressionism/wikiart_000168.jpg
WikiArt,all,169,Art_Nouveau,1382,1400,data/wikiart/Art_Nouveau/wikiart_000169.jpg
WikiArt,all,170,Northern_Renaissance,1862,1382,data/wikiart/Northern_Renaissance/wikiart_000170.jpg
WikiArt,all,171,Realism,1382,1683,data/wikiart/Realism/wikiart_000171.jpg
WikiArt,all,172,Impressionism,2222,1382,data/wikiart/Impressionism/wikiart_000172.jpg
WikiArt,all,173,Symbolism,2047,1382,data/wikiart/Symbolism/wikiart_000173.jpg
WikiArt,all,174,Symbolism,2073,1382,data/wikiart/Symbolism/wikiart_000174.jpg
WikiArt,all,175,Expressionism,1382,1850,data/wikiart/Expressionism/wikiart_000175.jpg
WikiArt,all,176,Post_Impressionism,1382,1840,data/wikiart/Post_Impressionism/wikiart_000176.jpg
WikiArt,all,177,Impressionism,1382,1944,data/wikiart/Impressionism/wikiart_000177.jpg
WikiArt,all,178,Impressionism,1382,1527,data/wikiart/Impressionism/wikiart_000178.jpg
WikiArt,all,179,Art_Nouveau,2036,1382,data/wikiart/Art_Nouveau/wikiart_000179.jpg
WikiArt,all,180,Romanticism,1382,1720,data/wikiart/Romanticism/wikiart_000180.jpg
WikiArt,all,181,Northern_Renaissance,1382,1865,data/wikiart/Northern_Renaissance/wikiart_000181.jpg
WikiArt,all,182,Impressionism,2081,1382,data/wikiart/Impressionism/wikiart_000182.jpg
WikiArt,all,183,Expressionism,1645,1382,data/wikiart/Expressionism/wikiart_000183.jpg
WikiArt,all,184,Cubism,1382,1900,data/wikiart/Cubism/wikiart_000184.jpg
WikiArt,all,185,Impressionism,1730,1382,data/wikiart/Impressionism/wikiart_000185.jpg
WikiArt,all,186,Impressionism,1382,1873,data/wikiart/Impressionism/wikiart_000186.jpg
WikiArt,all,187,Symbolism,2039,1382,data/wikiart/Symbolism/wikiart_000187.jpg
WikiArt,all,188,Impressionism,2033,1382,data/wikiart/Impressionism/wikiart_000188.jpg
WikiArt,all,189,Cubism,1382,1932,data/wikiart/Cubism/wikiart_000189.jpg
WikiArt,all,190,Realism,1738,1382,data/wikiart/Realism/wikiart_000190.jpg
WikiArt,all,191,Realism,1968,1382,data/wikiart/Realism/wikiart_000191.jpg
WikiArt,all,192,Post_Impressionism,2236,1382,data/wikiart/Post_Impressionism/wikiart_000192.jpg
WikiArt,all,193,Baroque,1381,1509,data/wikiart/Baroque/wikiart_000193.jpg
WikiArt,all,194,Baroque,1382,1762,data/wikiart/Baroque/wikiart_000194.jpg
WikiArt,all,195,Impressionism,1382,1648,data/wikiart/Impressionism/wikiart_000195.jpg
WikiArt,all,196,Symbolism,2122,1382,data/wikiart/Symbolism/wikiart_000196.jpg
WikiArt,all,197,Realism,2092,1382,data/wikiart/Realism/wikiart_000197.jpg
WikiArt,all,198,Impressionism,2157,1382,data/wikiart/Impressionism/wikiart_000198.jpg
WikiArt,all,199,Post_Impressionism,1382,1764,data/wikiart/Post_Impressionism/wikiart_000199.jpg
WikiArt,all,200,Realism,1767,1382,data/wikiart/Realism/wikiart_000200.jpg
WikiArt,all,201,Cubism,1382,1779,data/wikiart/Cubism/wikiart_000201.jpg
WikiArt,all,202,Realism,1708,1382,data/wikiart/Realism/wikiart_000202.jpg
WikiArt,all,203,Post_Impressionism,1769,1382,data/wikiart/Post_Impressionism/wikiart_000203.jpg
WikiArt,all,204,Romanticism,1382,1840,data/wikiart/Romanticism/wikiart_000204.jpg
WikiArt,all,205,Naive_Art_Primitivism,1382,1790,data/wikiart/Naive_Art_Primitivism/wikiart_000205.jpg
WikiArt,all,206,Cubism,1714,1382,data/wikiart/Cubism/wikiart_000206.jpg
WikiArt,all,207,Expressionism,1883,1382,data/wikiart/Expressionism/wikiart_000207.jpg
WikiArt,all,208,Romanticism,2225,1382,data/wikiart/Romanticism/wikiart_000208.jpg
WikiArt,all,209,Realism,1382,1904,data/wikiart/Realism/wikiart_000209.jpg
WikiArt,all,210,Romanticism,1883,1382,data/wikiart/Romanticism/wikiart_000210.jpg
WikiArt,all,211,Romanticism,2008,1381,data/wikiart/Romanticism/wikiart_000211.jpg
WikiArt,all,212,Cubism,1382,1828,data/wikiart/Cubism/wikiart_000212.jpg
WikiArt,all,213,Realism,2258,1382,data/wikiart/Realism/wikiart_000213.jpg
WikiArt,all,214,Realism,1382,1845,data/wikiart/Realism/wikiart_000214.jpg
WikiArt,all,215,Realism,1382,2097,data/wikiart/Realism/wikiart_000215.jpg
WikiArt,all,216,Impressionism,1382,1904,data/wikiart/Impressionism/wikiart_000216.jpg
WikiArt,all,217,Cubism,2137,1382,data/wikiart/Cubism/wikiart_000217.jpg
WikiArt,all,218,Naive_Art_Primitivism,1382,2073,data/wikiart/Naive_Art_Primitivism/wikiart_000218.jpg
WikiArt,all,219,Realism,1971,1382,data/wikiart/Realism/wikiart_000219.jpg
WikiArt,all,220,Impressionism,1656,1382,data/wikiart/Impressionism/wikiart_000220.jpg
WikiArt,all,221,Realism,1797,1382,data/wikiart/Realism/wikiart_000221.jpg
WikiArt,all,222,Romanticism,1382,1749,data/wikiart/Romanticism/wikiart_000222.jpg
WikiArt,all,223,Post_Impressionism,1633,1381,data/wikiart/Post_Impressionism/wikiart_000223.jpg
WikiArt,all,224,Post_Impressionism,1755,1382,data/wikiart/Post_Impressionism/wikiart_000224.jpg
WikiArt,all,225,Art_Nouveau,1382,2230,data/wikiart/Art_Nouveau/wikiart_000225.jpg
WikiArt,all,226,Realism,1382,1683,data/wikiart/Realism/wikiart_000226.jpg
WikiArt,all,227,Realism,1382,1873,data/wikiart/Realism/wikiart_000227.jpg
WikiArt,all,228,Impressionism,1437,1382,data/wikiart/Impressionism/wikiart_000228.jpg
WikiArt,all,229,Expressionism,1382,1877,data/wikiart/Expressionism/wikiart_000229.jpg
WikiArt,all,230,Realism,1382,1869,data/wikiart/Realism/wikiart_000230.jpg
WikiArt,all,231,Northern_Renaissance,1826,1382,data/wikiart/Northern_Renaissance/wikiart_000231.jpg
WikiArt,all,232,Romanticism,1382,1727,data/wikiart/Romanticism/wikiart_000232.jpg
WikiArt,all,233,Realism,2180,1382,data/wikiart/Realism/wikiart_000233.jpg
WikiArt,all,234,Art_Nouveau,1442,1382,data/wikiart/Art_Nouveau/wikiart_000234.jpg
WikiArt,all,235,Art_Nouveau,2153,1382,data/wikiart/Art_Nouveau/wikiart_000235.jpg
WikiArt,all,236,Realism,1382,1670,data/wikiart/Realism/wikiart_000236.jpg
WikiArt,all,237,Realism,2152,1382,data/wikiart/Realism/wikiart_000237.jpg
WikiArt,all,238,Realism,1618,1382,data/wikiart/Realism/wikiart_000238.jpg
WikiArt,all,239,Post_Impressionism,1823,1382,data/wikiart/Post_Impressionism/wikiart_000239.jpg
WikiArt,all,240,Expressionism,1981,1382,data/wikiart/Expressionism/wikiart_000240.jpg
WikiArt,all,241,Impressionism,2082,1382,data/wikiart/Impressionism/wikiart_000241.jpg
WikiArt,all,242,Impressionism,1382,2140,data/wikiart/Impressionism/wikiart_000242.jpg
WikiArt,all,243,Realism,1382,1792,data/wikiart/Realism/wikiart_000243.jpg
WikiArt,all,244,Impressionism,1382,2046,data/wikiart/Impressionism/wikiart_000244.jpg
WikiArt,all,245,Art_Nouveau,1949,1382,data/wikiart/Art_Nouveau/wikiart_000245.jpg
WikiArt,all,246,Impressionism,1382,1503,data/wikiart/Impressionism/wikiart_000246.jpg
WikiArt,all,247,Post_Impressionism,1382,1813,data/wikiart/Post_Impressionism/wikiart_000247.jpg
WikiArt,all,248,Symbolism,1863,1382,data/wikiart/Symbolism/wikiart_000248.jpg
WikiArt,all,249,Realism,2207,1382,data/wikiart/Realism/wikiart_000249.jpg
WikiArt,all,250,Realism,1680,1382,data/wikiart/Realism/wikiart_000250.jpg
WikiArt,all,251,Realism,1382,2041,data/wikiart/Realism/wikiart_000251.jpg
WikiArt,all,252,Impressionism,1818,1382,data/wikiart/Impressionism/wikiart_000252.jpg
WikiArt,all,253,Impressionism,1714,1382,data/wikiart/Impressionism/wikiart_000253.jpg
WikiArt,all,254,Post_Impressionism,1382,1766,data/wikiart/Post_Impressionism/wikiart_000254.jpg
WikiArt,all,255,Impressionism,1382,2079,data/wikiart/Impressionism/wikiart_000255.jpg
WikiArt,all,256,Romanticism,1382,1818,data/wikiart/Romanticism/wikiart_000256.jpg
WikiArt,all,257,Art_Nouveau,2485,1382,data/wikiart/Art_Nouveau/wikiart_000257.jpg
WikiArt,all,258,Post_Impressionism,1790,1382,data/wikiart/Post_Impressionism/wikiart_000258.jpg
WikiArt,all,259,Fauvism,2699,1382,data/wikiart/Fauvism/wikiart_000259.jpg
WikiArt,all,260,Analytical_Cubism,1382,2049,data/wikiart/Analytical_Cubism/wikiart_000260.jpg
WikiArt,all,261,Impressionism,1755,1382,data/wikiart/Impressionism/wikiart_000261.jpg
WikiArt,all,262,Abstract_Expressionism,1382,2085,data/wikiart/Abstract_Expressionism/wikiart_000262.jpg
WikiArt,all,263,Realism,1382,1604,data/wikiart/Realism/wikiart_000263.jpg
WikiArt,all,264,Impressionism,1858,1382,data/wikiart/Impressionism/wikiart_000264.jpg
WikiArt,all,265,Impressionism,1752,1382,data/wikiart/Impressionism/wikiart_000265.jpg
WikiArt,all,266,Impressionism,1986,1382,data/wikiart/Impressionism/wikiart_000266.jpg
WikiArt,all,267,Impressionism,2108,1382,data/wikiart/Impressionism/wikiart_000267.jpg
WikiArt,all,268,Romanticism,1518,1382,data/wikiart/Romanticism/wikiart_000268.jpg
WikiArt,all,269,Impressionism,1382,1772,data/wikiart/Impressionism/wikiart_000269.jpg
WikiArt,all,270,Realism,1382,1704,data/wikiart/Realism/wikiart_000270.jpg
WikiArt,all,271,Realism,1958,1382,data/wikiart/Realism/wikiart_000271.jpg
WikiArt,all,272,Romanticism,1382,1929,data/wikiart/Romanticism/wikiart_000272.jpg
WikiArt,all,273,Northern_Renaissance,1382,1677,data/wikiart/Northern_Renaissance/wikiart_000273.jpg
WikiArt,all,274,Realism,1382,1773,data/wikiart/Realism/wikiart_000274.jpg
WikiArt,all,275,Realism,1382,2139,data/wikiart/Realism/wikiart_000275.jpg
WikiArt,all,276,Realism,1382,1927,data/wikiart/Realism/wikiart_000276.jpg
WikiArt,all,277,Impressionism,1836,1382,data/wikiart/Impressionism/wikiart_000277.jpg
WikiArt,all,278,Post_Impressionism,1734,1382,data/wikiart/Post_Impressionism/wikiart_000278.jpg
WikiArt,all,279,Impressionism,1875,1382,data/wikiart/Impressionism/wikiart_000279.jpg
WikiArt,all,280,Post_Impressionism,1382,1558,data/wikiart/Post_Impressionism/wikiart_000280.jpg
WikiArt,all,281,Impressionism,1676,1382,data/wikiart/Impressionism/wikiart_000281.jpg
WikiArt,all,282,Symbolism,1768,1382,data/wikiart/Symbolism/wikiart_000282.jpg
WikiArt,all,283,Art_Nouveau,1382,2093,data/wikiart/Art_Nouveau/wikiart_000283.jpg
WikiArt,all,284,Impressionism,1891,1381,data/wikiart/Impressionism/wikiart_000284.jpg
WikiArt,all,285,Romanticism,2269,1382,data/wikiart/Romanticism/wikiart_000285.jpg
WikiArt,all,286,Baroque,1382,1699,data/wikiart/Baroque/wikiart_000286.jpg
WikiArt,all,287,Expressionism,1997,1382,data/wikiart/Expressionism/wikiart_000287.jpg
WikiArt,all,288,Impressionism,1382,1657,data/wikiart/Impressionism/wikiart_000288.jpg
WikiArt,all,289,Impressionism,1382,1690,data/wikiart/Impressionism/wikiart_000289.jpg
WikiArt,all,290,Impressionism,2807,1382,data/wikiart/Impressionism/wikiart_000290.jpg
WikiArt,all,291,Art_Nouveau,2162,1382,data/wikiart/Art_Nouveau/wikiart_000291.jpg
WikiArt,all,292,Post_Impressionism,2264,1382,data/wikiart/Post_Impressionism/wikiart_000292.jpg
WikiArt,all,293,Cubism,1382,2002,data/wikiart/Cubism/wikiart_000293.jpg
WikiArt,all,294,Realism,1382,2194,data/wikiart/Realism/wikiart_000294.jpg
WikiArt,all,295,Realism,1382,1828,data/wikiart/Realism/wikiart_000295.jpg
WikiArt,all,296,Impressionism,1382,1644,data/wikiart/Impressionism/wikiart_000296.jpg
WikiArt,all,297,Realism,1382,1632,data/wikiart/Realism/wikiart_000297.jpg
WikiArt,all,298,Post_Impressionism,1758,1382,data/wikiart/Post_Impressionism/wikiart_000298.jpg
WikiArt,all,299,Expressionism,1778,1382,data/wikiart/Expressionism/wikiart_000299.jpg
WikiArt,all,300,Realism,1382,3098,data/wikiart/Realism/wikiart_000300.jpg
WikiArt,all,301,Realism,1382,1488,data/wikiart/Realism/wikiart_000301.jpg
WikiArt,all,302,Analytical_Cubism,1382,1708,data/wikiart/Analytical_Cubism/wikiart_000302.jpg
WikiArt,all,303,Cubism,1382,1637,data/wikiart/Cubism/wikiart_000303.jpg
WikiArt,all,304,Symbolism,1382,1880,data/wikiart/Symbolism/wikiart_000304.jpg
WikiArt,all,305,Realism,1985,1382,data/wikiart/Realism/wikiart_000305.jpg
WikiArt,all,306,Realism,1382,1921,data/wikiart/Realism/wikiart_000306.jpg
WikiArt,all,307,Impressionism,1761,1382,data/wikiart/Impressionism/wikiart_000307.jpg
WikiArt,all,308,Realism,1382,2382,data/wikiart/Realism/wikiart_000308.jpg
WikiArt,all,309,Impressionism,1382,1682,data/wikiart/Impressionism/wikiart_000309.jpg
WikiArt,all,310,Art_Nouveau,1382,2506,data/wikiart/Art_Nouveau/wikiart_000310.jpg
WikiArt,all,311,Art_Nouveau,1382,2164,data/wikiart/Art_Nouveau/wikiart_000311.jpg
WikiArt,all,312,Realism,1538,1381,data/wikiart/Realism/wikiart_000312.jpg
WikiArt,all,313,Romanticism,2194,1382,data/wikiart/Romanticism/wikiart_000313.jpg
WikiArt,all,314,Symbolism,1382,1852,data/wikiart/Symbolism/wikiart_000314.jpg
WikiArt,all,315,Analytical_Cubism,1382,1968,data/wikiart/Analytical_Cubism/wikiart_000315.jpg
WikiArt,all,316,Realism,1382,2467,data/wikiart/Realism/wikiart_000316.jpg
WikiArt,all,317,Romanticism,1382,1892,data/wikiart/Romanticism/wikiart_000317.jpg
WikiArt,all,318,Impressionism,1682,1382,data/wikiart/Impressionism/wikiart_000318.jpg
WikiArt,all,319,Romanticism,1382,1888,data/wikiart/Romanticism/wikiart_000319.jpg
WikiArt,all,320,Impressionism,1382,1492,data/wikiart/Impressionism/wikiart_000320.jpg
WikiArt,all,321,Impressionism,1442,1382,data/wikiart/Impressionism/wikiart_000321.jpg
WikiArt,all,322,Baroque,1915,1382,data/wikiart/Baroque/wikiart_000322.jpg
WikiArt,all,323,Northern_Renaissance,1922,1382,data/wikiart/Northern_Renaissance/wikiart_000323.jpg
WikiArt,all,324,Realism,2258,1382,data/wikiart/Realism/wikiart_000324.jpg
WikiArt,all,325,Northern_Renaissance,1998,1382,data/wikiart/Northern_Renaissance/wikiart_000325.jpg
WikiArt,all,326,Symbolism,2657,1382,data/wikiart/Symbolism/wikiart_000326.jpg
WikiArt,all,327,Impressionism,1382,1820,data/wikiart/Impressionism/wikiart_000327.jpg
WikiArt,all,328,Impressionism,1863,1382,data/wikiart/Impressionism/wikiart_000328.jpg
WikiArt,all,329,Realism,1382,1804,data/wikiart/Realism/wikiart_000329.jpg
WikiArt,all,330,Romanticism,1774,1382,data/wikiart/Romanticism/wikiart_000330.jpg
WikiArt,all,331,Cubism,1382,2214,data/wikiart/Cubism/wikiart_000331.jpg
WikiArt,all,332,Symbolism,2189,1382,data/wikiart/Symbolism/wikiart_000332.jpg
WikiArt,all,333,Realism,1382,2764,data/wikiart/Realism/wikiart_000333.jpg
WikiArt,all,334,Realism,1381,2319,data/wikiart/Realism/wikiart_000334.jpg
WikiArt,all,335,Naive_Art_Primitivism,1382,1599,data/wikiart/Naive_Art_Primitivism/wikiart_000335.jpg
WikiArt,all,336,Realism,1837,1382,data/wikiart/Realism/wikiart_000336.jpg
WikiArt,all,337,Northern_Renaissance,1382,1751,data/wikiart/Northern_Renaissance/wikiart_000337.jpg
WikiArt,all,338,Northern_Renaissance,1425,1382,data/wikiart/Northern_Renaissance/wikiart_000338.jpg
WikiArt,all,339,Realism,1382,2647,data/wikiart/Realism/wikiart_000339.jpg
WikiArt,all,340,Art_Nouveau,1797,1382,data/wikiart/Art_Nouveau/wikiart_000340.jpg
WikiArt,all,341,Realism,2071,1382,data/wikiart/Realism/wikiart_000341.jpg
WikiArt,all,342,Romanticism,1879,1382,data/wikiart/Romanticism/wikiart_000342.jpg
WikiArt,all,343,Post_Impressionism,1878,1381,data/wikiart/Post_Impressionism/wikiart_000343.jpg
WikiArt,all,344,Impressionism,1753,1382,data/wikiart/Impressionism/wikiart_000344.jpg
WikiArt,all,345,Post_Impressionism,1382,1950,data/wikiart/Post_Impressionism/wikiart_000345.jpg
WikiArt,all,346,Impressionism,2163,1382,data/wikiart/Impressionism/wikiart_000346.jpg
WikiArt,all,347,Realism,1382,1654,data/wikiart/Realism/wikiart_000347.jpg
WikiArt,all,348,Symbolism,2078,1382,data/wikiart/Symbolism/wikiart_000348.jpg
WikiArt,all,349,Northern_Renaissance,1523,1382,data/wikiart/Northern_Renaissance/wikiart_000349.jpg
WikiArt,all,350,Post_Impressionism,1382,1952,data/wikiart/Post_Impressionism/wikiart_000350.jpg
WikiArt,all,351,Baroque,1382,1694,data/wikiart/Baroque/wikiart_000351.jpg
WikiArt,all,352,Post_Impressionism,1703,1382,data/wikiart/Post_Impressionism/wikiart_000352.jpg
WikiArt,all,353,Art_Nouveau,1382,1429,data/wikiart/Art_Nouveau/wikiart_000353.jpg
WikiArt,all,354,Post_Impressionism,1797,1382,data/wikiart/Post_Impressionism/wikiart_000354.jpg
WikiArt,all,355,Baroque,1694,1382,data/wikiart/Baroque/wikiart_000355.jpg
WikiArt,all,356,Impressionism,1382,1903,data/wikiart/Impressionism/wikiart_000356.jpg
WikiArt,all,357,Realism,2614,1382,data/wikiart/Realism/wikiart_000357.jpg
WikiArt,all,358,Realism,1382,1930,data/wikiart/Realism/wikiart_000358.jpg
WikiArt,all,359,Realism,1382,2242,data/wikiart/Realism/wikiart_000359.jpg
WikiArt,all,360,Impressionism,1382,2259,data/wikiart/Impressionism/wikiart_000360.jpg
WikiArt,all,361,Realism,2225,1382,data/wikiart/Realism/wikiart_000361.jpg
WikiArt,all,362,Northern_Renaissance,1382,1827,data/wikiart/Northern_Renaissance/wikiart_000362.jpg
WikiArt,all,363,Realism,1920,1382,data/wikiart/Realism/wikiart_000363.jpg
WikiArt,all,364,Cubism,1875,1382,data/wikiart/Cubism/wikiart_000364.jpg
WikiArt,all,365,Realism,1382,1813,data/wikiart/Realism/wikiart_000365.jpg
WikiArt,all,366,Naive_Art_Primitivism,1382,2207,data/wikiart/Naive_Art_Primitivism/wikiart_000366.jpg
WikiArt,all,367,Impressionism,1871,1382,data/wikiart/Impressionism/wikiart_000367.jpg
WikiArt,all,368,Impressionism,1382,1744,data/wikiart/Impressionism/wikiart_000368.jpg
WikiArt,all,369,Post_Impressionism,1771,1382,data/wikiart/Post_Impressionism/wikiart_000369.jpg
WikiArt,all,370,Impressionism,1653,1382,data/wikiart/Impressionism/wikiart_000370.jpg
WikiArt,all,371,Realism,1382,2002,data/wikiart/Realism/wikiart_000371.jpg
WikiArt,all,372,Analytical_Cubism,1382,1962,data/wikiart/Analytical_Cubism/wikiart_000372.jpg
WikiArt,all,373,Realism,2229,1382,data/wikiart/Realism/wikiart_000373.jpg
WikiArt,all,374,Impressionism,1382,1924,data/wikiart/Impressionism/wikiart_000374.jpg
WikiArt,all,375,Realism,1382,1694,data/wikiart/Realism/wikiart_000375.jpg
WikiArt,all,376,Romanticism,1382,1827,data/wikiart/Romanticism/wikiart_000376.jpg
WikiArt,all,377,Northern_Renaissance,1382,1691,data/wikiart/Northern_Renaissance/wikiart_000377.jpg
WikiArt,all,378,Baroque,1382,1753,data/wikiart/Baroque/wikiart_000378.jpg
WikiArt,all,379,Realism,1382,2122,data/wikiart/Realism/wikiart_000379.jpg
WikiArt,all,380,Impressionism,1382,1787,data/wikiart/Impressionism/wikiart_000380.jpg
WikiArt,all,381,Art_Nouveau,1382,2073,data/wikiart/Art_Nouveau/wikiart_000381.jpg
WikiArt,all,382,Impressionism,1982,1382,data/wikiart/Impressionism/wikiart_000382.jpg
WikiArt,all,383,Realism,2221,1381,data/wikiart/Realism/wikiart_000383.jpg
WikiArt,all,384,Realism,1650,1382,data/wikiart/Realism/wikiart_000384.jpg
WikiArt,all,385,Realism,1382,2720,data/wikiart/Realism/wikiart_000385.jpg
WikiArt,all,386,Post_Impressionism,1678,1382,data/wikiart/Post_Impressionism/wikiart_000386.jpg
WikiArt,all,387,Impressionism,1893,1382,data/wikiart/Impressionism/wikiart_000387.jpg
WikiArt,all,388,Romanticism,1382,1817,data/wikiart/Romanticism/wikiart_000388.jpg
WikiArt,all,389,Symbolism,1895,1382,data/wikiart/Symbolism/wikiart_000389.jpg
WikiArt,all,390,Realism,2109,1382,data/wikiart/Realism/wikiart_000390.jpg
WikiArt,all,391,Impressionism,1808,1382,data/wikiart/Impressionism/wikiart_000391.jpg
WikiArt,all,392,Art_Nouveau,2223,1382,data/wikiart/Art_Nouveau/wikiart_000392.jpg
WikiArt,all,393,Impressionism,1767,1382,data/wikiart/Impressionism/wikiart_000393.jpg
WikiArt,all,394,Romanticism,1382,1826,data/wikiart/Romanticism/wikiart_000394.jpg
WikiArt,all,395,Impressionism,1722,1382,data/wikiart/Impressionism/wikiart_000395.jpg
WikiArt,all,396,Impressionism,1382,1632,data/wikiart/Impressionism/wikiart_000396.jpg
WikiArt,all,397,Romanticism,1382,1753,data/wikiart/Romanticism/wikiart_000397.jpg
WikiArt,all,398,Realism,1382,1564,data/wikiart/Realism/wikiart_000398.jpg
WikiArt,all,399,Naive_Art_Primitivism,1382,1740,data/wikiart/Naive_Art_Primitivism/wikiart_000399.jpg
WikiArt,all,400,Impressionism,1382,2661,data/wikiart/Impressionism/wikiart_000400.jpg
WikiArt,all,401,Realism,1382,2013,data/wikiart/Realism/wikiart_000401.jpg
WikiArt,all,402,Symbolism,2104,1382,data/wikiart/Symbolism/wikiart_000402.jpg
WikiArt,all,403,Symbolism,2205,1382,data/wikiart/Symbolism/wikiart_000403.jpg
WikiArt,all,404,Northern_Renaissance,2071,1382,data/wikiart/Northern_Renaissance/wikiart_000404.jpg
WikiArt,all,405,Expressionism,2289,1382,data/wikiart/Expressionism/wikiart_000405.jpg
WikiArt,all,406,Expressionism,1877,1382,data/wikiart/Expressionism/wikiart_000406.jpg
WikiArt,all,407,Realism,2159,1382,data/wikiart/Realism/wikiart_000407.jpg
WikiArt,all,408,Impressionism,1689,1382,data/wikiart/Impressionism/wikiart_000408.jpg
WikiArt,all,409,Impressionism,2005,1382,data/wikiart/Impressionism/wikiart_000409.jpg
WikiArt,all,410,Art_Nouveau,2372,1382,data/wikiart/Art_Nouveau/wikiart_000410.jpg
WikiArt,all,411,Impressionism,1453,1382,data/wikiart/Impressionism/wikiart_000411.jpg
WikiArt,all,412,Baroque,1382,1554,data/wikiart/Baroque/wikiart_000412.jpg
WikiArt,all,413,Impressionism,1851,1382,data/wikiart/Impressionism/wikiart_000413.jpg
WikiArt,all,414,Symbolism,4531,1382,data/wikiart/Symbolism/wikiart_000414.jpg
WikiArt,all,415,Post_Impressionism,1382,2358,data/wikiart/Post_Impressionism/wikiart_000415.jpg
WikiArt,all,416,Impressionism,1382,1676,data/wikiart/Impressionism/wikiart_000416.jpg
WikiArt,all,417,Baroque,1382,1881,data/wikiart/Baroque/wikiart_000417.jpg
WikiArt,all,418,Impressionism,2013,1382,data/wikiart/Impressionism/wikiart_000418.jpg
WikiArt,all,419,Impressionism,1980,1382,data/wikiart/Impressionism/wikiart_000419.jpg
WikiArt,all,420,Naive_Art_Primitivism,1382,1682,data/wikiart/Naive_Art_Primitivism/wikiart_000420.jpg
WikiArt,all,421,Impressionism,1718,1382,data/wikiart/Impressionism/wikiart_000421.jpg
WikiArt,all,422,Post_Impressionism,1382,1393,data/wikiart/Post_Impressionism/wikiart_000422.jpg
WikiArt,all,423,Impressionism,1915,1382,data/wikiart/Impressionism/wikiart_000423.jpg
WikiArt,all,424,Impressionism,1382,1834,data/wikiart/Impressionism/wikiart_000424.jpg
WikiArt,all,425,Baroque,1382,1916,data/wikiart/Baroque/wikiart_000425.jpg
WikiArt,all,426,Romanticism,1382,1745,data/wikiart/Romanticism/wikiart_000426.jpg
WikiArt,all,427,Impressionism,1381,2228,data/wikiart/Impressionism/wikiart_000427.jpg
WikiArt,all,428,Baroque,1859,1382,data/wikiart/Baroque/wikiart_000428.jpg
WikiArt,all,429,Impressionism,1611,1382,data/wikiart/Impressionism/wikiart_000429.jpg
WikiArt,all,430,Post_Impressionism,2001,1382,data/wikiart/Post_Impressionism/wikiart_000430.jpg
WikiArt,all,431,Post_Impressionism,1841,1382,data/wikiart/Post_Impressionism/wikiart_000431.jpg
WikiArt,all,432,Realism,1807,1382,data/wikiart/Realism/wikiart_000432.jpg
WikiArt,all,433,Northern_Renaissance,1382,1796,data/wikiart/Northern_Renaissance/wikiart_000433.jpg
WikiArt,all,434,Impressionism,1382,2412,data/wikiart/Impressionism/wikiart_000434.jpg
WikiArt,all,435,Northern_Renaissance,1382,1971,data/wikiart/Northern_Renaissance/wikiart_000435.jpg
WikiArt,all,436,Impressionism,1382,1424,data/wikiart/Impressionism/wikiart_000436.jpg
WikiArt,all,437,Realism,1382,1766,data/wikiart/Realism/wikiart_000437.jpg
WikiArt,all,438,Realism,1382,2197,data/wikiart/Realism/wikiart_000438.jpg
WikiArt,all,439,Romanticism,1744,1382,data/wikiart/Romanticism/wikiart_000439.jpg
WikiArt,all,440,Impressionism,1666,1382,data/wikiart/Impressionism/wikiart_000440.jpg
WikiArt,all,441,Expressionism,2066,1382,data/wikiart/Expressionism/wikiart_000441.jpg
WikiArt,all,442,Post_Impressionism,1382,1935,data/wikiart/Post_Impressionism/wikiart_000442.jpg
WikiArt,all,443,Impressionism,2327,1382,data/wikiart/Impressionism/wikiart_000443.jpg
WikiArt,all,444,Expressionism,1382,1430,data/wikiart/Expressionism/wikiart_000444.jpg
WikiArt,all,445,Northern_Renaissance,1382,2023,data/wikiart/Northern_Renaissance/wikiart_000445.jpg
WikiArt,all,446,Expressionism,1382,1848,data/wikiart/Expressionism/wikiart_000446.jpg
WikiArt,all,447,Impressionism,1753,1382,data/wikiart/Impressionism/wikiart_000447.jpg
WikiArt,all,448,Expressionism,1382,2028,data/wikiart/Expressionism/wikiart_000448.jpg
WikiArt,all,449,Symbolism,2063,1382,data/wikiart/Symbolism/wikiart_000449.jpg
WikiArt,all,450,Impressionism,1640,1382,data/wikiart/Impressionism/wikiart_000450.jpg
WikiArt,all,451,Impressionism,1839,1382,data/wikiart/Impressionism/wikiart_000451.jpg
WikiArt,all,452,Impressionism,1382,1721,data/wikiart/Impressionism/wikiart_000452.jpg
WikiArt,all,453,Realism,1382,1429,data/wikiart/Realism/wikiart_000453.jpg
WikiArt,all,454,Art_Nouveau,1743,1382,data/wikiart/Art_Nouveau/wikiart_000454.jpg
WikiArt,all,455,Impressionism,1724,1382,data/wikiart/Impressionism/wikiart_000455.jpg
WikiArt,all,456,Northern_Renaissance,1382,1869,data/wikiart/Northern_Renaissance/wikiart_000456.jpg
WikiArt,all,457,Northern_Renaissance,1382,2264,data/wikiart/Northern_Renaissance/wikiart_000457.jpg
WikiArt,all,458,Art_Nouveau,1382,1941,data/wikiart/Art_Nouveau/wikiart_000458.jpg
WikiArt,all,459,Symbolism,1393,1382,data/wikiart/Symbolism/wikiart_000459.jpg
WikiArt,all,460,Cubism,1382,1738,data/wikiart/Cubism/wikiart_000460.jpg
WikiArt,all,461,Post_Impressionism,2100,1382,data/wikiart/Post_Impressionism/wikiart_000461.jpg
WikiArt,all,462,Post_Impressionism,1814,1382,data/wikiart/Post_Impressionism/wikiart_000462.jpg
WikiArt,all,463,Impressionism,1870,1382,data/wikiart/Impressionism/wikiart_000463.jpg
WikiArt,all,464,Romanticism,1382,1727,data/wikiart/Romanticism/wikiart_000464.jpg
WikiArt,all,465,Synthetic_Cubism,1603,1382,data/wikiart/Synthetic_Cubism/wikiart_000465.jpg
WikiArt,all,466,Northern_Renaissance,1382,1914,data/wikiart/Northern_Renaissance/wikiart_000466.jpg
WikiArt,all,467,Impressionism,1706,1382,data/wikiart/Impressionism/wikiart_000467.jpg
WikiArt,all,468,Romanticism,1738,1382,data/wikiart/Romanticism/wikiart_000468.jpg
WikiArt,all,469,Romanticism,1382,1804,data/wikiart/Romanticism/wikiart_000469.jpg
WikiArt,all,470,Baroque,1382,1858,data/wikiart/Baroque/wikiart_000470.jpg
WikiArt,all,471,Post_Impressionism,1732,1382,data/wikiart/Post_Impressionism/wikiart_000471.jpg
WikiArt,all,472,Romanticism,2221,1381,data/wikiart/Romanticism/wikiart_000472.jpg
WikiArt,all,473,Impressionism,1382,1479,data/wikiart/Impressionism/wikiart_000473.jpg
WikiArt,all,474,Impressionism,2214,1382,data/wikiart/Impressionism/wikiart_000474.jpg
WikiArt,all,475,Naive_Art_Primitivism,1793,1382,data/wikiart/Naive_Art_Primitivism/wikiart_000475.jpg
WikiArt,all,476,Art_Nouveau,1381,1916,data/wikiart/Art_Nouveau/wikiart_000476.jpg
WikiArt,all,477,Impressionism,1382,1729,data/wikiart/Impressionism/wikiart_000477.jpg
WikiArt,all,478,Post_Impressionism,1382,1615,data/wikiart/Post_Impressionism/wikiart_000478.jpg
WikiArt,all,479,Post_Impressionism,1382,2193,data/wikiart/Post_Impressionism/wikiart_000479.jpg
WikiArt,all,480,Impressionism,1415,1382,data/wikiart/Impressionism/wikiart_000480.jpg
WikiArt,all,481,Impressionism,1678,1382,data/wikiart/Impressionism/wikiart_000481.jpg
WikiArt,all,482,Expressionism,1382,2122,data/wikiart/Expressionism/wikiart_000482.jpg
WikiArt,all,483,Impressionism,1382,1760,data/wikiart/Impressionism/wikiart_000483.jpg
WikiArt,all,484,Symbolism,1868,1382,data/wikiart/Symbolism/wikiart_000484.jpg
WikiArt,all,485,Post_Impressionism,1725,1382,data/wikiart/Post_Impressionism/wikiart_000485.jpg
WikiArt,all,486,Realism,1964,1382,data/wikiart/Realism/wikiart_000486.jpg
WikiArt,all,487,Northern_Renaissance,1382,1899,data/wikiart/Northern_Renaissance/wikiart_000487.jpg
WikiArt,all,488,Symbolism,1974,1382,data/wikiart/Symbolism/wikiart_000488.jpg
WikiArt,all,489,Art_Nouveau,2254,1382,data/wikiart/Art_Nouveau/wikiart_000489.jpg
WikiArt,all,490,Romanticism,1747,1382,data/wikiart/Romanticism/wikiart_000490.jpg
WikiArt,all,491,Expressionism,1908,1382,data/wikiart/Expressionism/wikiart_000491.jpg
WikiArt,all,492,Realism,1740,1382,data/wikiart/Realism/wikiart_000492.jpg
WikiArt,all,493,Impressionism,1382,1717,data/wikiart/Impressionism/wikiart_000493.jpg
WikiArt,all,494,Baroque,3463,1382,data/wikiart/Baroque/wikiart_000494.jpg
WikiArt,all,495,Impressionism,1382,1738,data/wikiart/Impressionism/wikiart_000495.jpg
WikiArt,all,496,Symbolism,1823,1382,data/wikiart/Symbolism/wikiart_000496.jpg
WikiArt,all,497,Impressionism,1821,1382,data/wikiart/Impressionism/wikiart_000497.jpg
WikiArt,all,498,Impressionism,1382,2494,data/wikiart/Impressionism/wikiart_000498.jpg
WikiArt,all,499,Post_Impressionism,1382,1713,data/wikiart/Post_Impressionism/wikiart_000499.jpg
WikiArt,all,500,Impressionism,1382,1689,data/wikiart/Impressionism/wikiart_000500.jpg
WikiArt,all,501,Naive_Art_Primitivism,1382,2115,data/wikiart/Naive_Art_Primitivism/wikiart_000501.jpg
WikiArt,all,502,Impressionism,1557,1382,data/wikiart/Impressionism/wikiart_000502.jpg
WikiArt,all,503,Realism,1382,1618,data/wikiart/Realism/wikiart_000503.jpg
WikiArt,all,504,Realism,1382,2125,data/wikiart/Realism/wikiart_000504.jpg
WikiArt,all,505,Cubism,1382,1420,data/wikiart/Cubism/wikiart_000505.jpg
WikiArt,all,506,Impressionism,1628,1382,data/wikiart/Impressionism/wikiart_000506.jpg
WikiArt,all,507,Post_Impressionism,1382,1725,data/wikiart/Post_Impressionism/wikiart_000507.jpg
WikiArt,all,508,Realism,1382,1721,data/wikiart/Realism/wikiart_000508.jpg
WikiArt,all,509,Impressionism,2265,1382,data/wikiart/Impressionism/wikiart_000509.jpg
WikiArt,all,510,Impressionism,2198,1382,data/wikiart/Impressionism/wikiart_000510.jpg
WikiArt,all,511,Art_Nouveau,1382,1843,data/wikiart/Art_Nouveau/wikiart_000511.jpg
WikiArt,all,512,Romanticism,2165,1382,data/wikiart/Romanticism/wikiart_000512.jpg
WikiArt,all,513,Symbolism,1538,1382,data/wikiart/Symbolism/wikiart_000513.jpg
WikiArt,all,514,Post_Impressionism,1382,1691,data/wikiart/Post_Impressionism/wikiart_000514.jpg
WikiArt,all,515,Symbolism,2024,1382,data/wikiart/Symbolism/wikiart_000515.jpg
WikiArt,all,516,Impressionism,1815,1382,data/wikiart/Impressionism/wikiart_000516.jpg
WikiArt,all,517,Realism,1729,1382,data/wikiart/Realism/wikiart_000517.jpg
WikiArt,all,518,Impressionism,2371,1382,data/wikiart/Impressionism/wikiart_000518.jpg
WikiArt,all,519,Post_Impressionism,1382,1710,data/wikiart/Post_Impressionism/wikiart_000519.jpg
WikiArt,all,520,Post_Impressionism,2152,1382,data/wikiart/Post_Impressionism/wikiart_000520.jpg
WikiArt,all,521,Art_Nouveau,2122,1382,data/wikiart/Art_Nouveau/wikiart_000521.jpg
WikiArt,all,522,Impressionism,1734,1382,data/wikiart/Impressionism/wikiart_000522.jpg
WikiArt,all,523,Northern_Renaissance,2223,1381,data/wikiart/Northern_Renaissance/wikiart_000523.jpg
WikiArt,all,524,Impressionism,1382,1696,data/wikiart/Impressionism/wikiart_000524.jpg
WikiArt,all,525,Romanticism,1382,1778,data/wikiart/Romanticism/wikiart_000525.jpg
WikiArt,all,526,Realism,1550,1382,data/wikiart/Realism/wikiart_000526.jpg
WikiArt,all,527,Symbolism,1817,1382,data/wikiart/Symbolism/wikiart_000527.jpg
WikiArt,all,528,Impressionism,1382,1511,data/wikiart/Impressionism/wikiart_000528.jpg
WikiArt,all,529,Realism,2617,1382,data/wikiart/Realism/wikiart_000529.jpg
WikiArt,all,530,Realism,1382,1731,data/wikiart/Realism/wikiart_000530.jpg
WikiArt,all,531,Expressionism,1382,1829,data/wikiart/Expressionism/wikiart_000531.jpg
WikiArt,all,532,Impressionism,1949,1382,data/wikiart/Impressionism/wikiart_000532.jpg
WikiArt,all,533,Symbolism,1382,1838,data/wikiart/Symbolism/wikiart_000533.jpg
WikiArt,all,534,Realism,1382,1862,data/wikiart/Realism/wikiart_000534.jpg
WikiArt,all,535,Impressionism,1382,2125,data/wikiart/Impressionism/wikiart_000535.jpg
WikiArt,all,536,Cubism,1954,1382,data/wikiart/Cubism/wikiart_000536.jpg
WikiArt,all,537,Impressionism,2909,1382,data/wikiart/Impressionism/wikiart_000537.jpg
WikiArt,all,538,Impressionism,1382,1556,data/wikiart/Impressionism/wikiart_000538.jpg
WikiArt,all,539,Post_Impressionism,2713,1382,data/wikiart/Post_Impressionism/wikiart_000539.jpg
WikiArt,all,540,Post_Impressionism,1842,1382,data/wikiart/Post_Impressionism/wikiart_000540.jpg
WikiArt,all,541,Post_Impressionism,1382,1650,data/wikiart/Post_Impressionism/wikiart_000541.jpg
WikiArt,all,542,Cubism,1382,1716,data/wikiart/Cubism/wikiart_000542.jpg
WikiArt,all,543,Post_Impressionism,1629,1382,data/wikiart/Post_Impressionism/wikiart_000543.jpg
WikiArt,all,544,Realism,1382,2105,data/wikiart/Realism/wikiart_000544.jpg
WikiArt,all,545,Impressionism,1801,1382,data/wikiart/Impressionism/wikiart_000545.jpg
WikiArt,all,546,Symbolism,2337,1382,data/wikiart/Symbolism/wikiart_000546.jpg
WikiArt,all,547,Romanticism,2299,1382,data/wikiart/Romanticism/wikiart_000547.jpg
WikiArt,all,548,Impressionism,1825,1382,data/wikiart/Impressionism/wikiart_000548.jpg
WikiArt,all,549,Realism,2342,1382,data/wikiart/Realism/wikiart_000549.jpg
WikiArt,all,550,Realism,1382,2301,data/wikiart/Realism/wikiart_000550.jpg
WikiArt,all,551,Realism,2093,1382,data/wikiart/Realism/wikiart_000551.jpg
WikiArt,all,552,Impressionism,1382,1833,data/wikiart/Impressionism/wikiart_000552.jpg
WikiArt,all,553,Impressionism,1382,1409,data/wikiart/Impressionism/wikiart_000553.jpg
WikiArt,all,554,Post_Impressionism,2876,1381,data/wikiart/Post_Impressionism/wikiart_000554.jpg
WikiArt,all,555,Impressionism,1689,1382,data/wikiart/Impressionism/wikiart_000555.jpg
WikiArt,all,556,Naive_Art_Primitivism,2176,1382,data/wikiart/Naive_Art_Primitivism/wikiart_000556.jpg
WikiArt,all,557,Impressionism,1685,1382,data/wikiart/Impressionism/wikiart_000557.jpg
WikiArt,all,558,Romanticism,1862,1382,data/wikiart/Romanticism/wikiart_000558.jpg
WikiArt,all,559,Pointillism,1711,1382,data/wikiart/Pointillism/wikiart_000559.jpg
WikiArt,all,560,Realism,1599,1382,data/wikiart/Realism/wikiart_000560.jpg
WikiArt,all,561,Art_Nouveau,1382,2157,data/wikiart/Art_Nouveau/wikiart_000561.jpg
WikiArt,all,562,Northern_Renaissance,1382,1990,data/wikiart/Northern_Renaissance/wikiart_000562.jpg
WikiArt,all,563,Realism,1893,1382,data/wikiart/Realism/wikiart_000563.jpg
WikiArt,all,564,Northern_Renaissance,1382,2020,data/wikiart/Northern_Renaissance/wikiart_000564.jpg
WikiArt,all,565,Realism,1382,2232,data/wikiart/Realism/wikiart_000565.jpg
WikiArt,all,566,Northern_Renaissance,1382,1882,data/wikiart/Northern_Renaissance/wikiart_000566.jpg
WikiArt,all,567,Cubism,1524,1382,data/wikiart/Cubism/wikiart_000567.jpg
WikiArt,all,568,Expressionism,1588,1382,data/wikiart/Expressionism/wikiart_000568.jpg
WikiArt,all,569,Realism,1382,2056,data/wikiart/Realism/wikiart_000569.jpg
WikiArt,all,570,Impressionism,1779,1382,data/wikiart/Impressionism/wikiart_000570.jpg
WikiArt,all,571,Symbolism,2619,1382,data/wikiart/Symbolism/wikiart_000571.jpg
WikiArt,all,572,Art_Nouveau,1382,2255,data/wikiart/Art_Nouveau/wikiart_000572.jpg
WikiArt,all,573,Realism,1382,2020,data/wikiart/Realism/wikiart_000573.jpg
WikiArt,all,574,Romanticism,1382,1873,data/wikiart/Romanticism/wikiart_000574.jpg
WikiArt,all,575,Symbolism,1902,1382,data/wikiart/Symbolism/wikiart_000575.jpg
WikiArt,all,576,Romanticism,1677,1382,data/wikiart/Romanticism/wikiart_000576.jpg
WikiArt,all,577,Impressionism,1651,1382,data/wikiart/Impressionism/wikiart_000577.jpg
WikiArt,all,578,Impressionism,1382,1735,data/wikiart/Impressionism/wikiart_000578.jpg
WikiArt,all,579,Realism,1382,1535,data/wikiart/Realism/wikiart_000579.jpg
WikiArt,all,580,Realism,1382,1747,data/wikiart/Realism/wikiart_000580.jpg
WikiArt,all,581,Art_Nouveau,1403,1382,data/wikiart/Art_Nouveau/wikiart_000581.jpg
WikiArt,all,582,Romanticism,1382,1887,data/wikiart/Romanticism/wikiart_000582.jpg
WikiArt,all,583,Post_Impressionism,1848,1382,data/wikiart/Post_Impressionism/wikiart_000583.jpg
WikiArt,all,584,Impressionism,1382,1893,data/wikiart/Impressionism/wikiart_000584.jpg
WikiArt,all,585,Romanticism,2186,1382,data/wikiart/Romanticism/wikiart_000585.jpg
WikiArt,all,586,Symbolism,2196,1381,data/wikiart/Symbolism/wikiart_000586.jpg
WikiArt,all,587,Symbolism,1753,1382,data/wikiart/Symbolism/wikiart_000587.jpg
WikiArt,all,588,Impressionism,1494,1382,data/wikiart/Impressionism/wikiart_000588.jpg
WikiArt,all,589,Impressionism,1671,1382,data/wikiart/Impressionism/wikiart_000589.jpg
WikiArt,all,590,Expressionism,1382,1392,data/wikiart/Expressionism/wikiart_000590.jpg
WikiArt,all,591,Impressionism,2093,1382,data/wikiart/Impressionism/wikiart_000591.jpg
WikiArt,all,592,Impressionism,1382,3516,data/wikiart/Impressionism/wikiart_000592.jpg
WikiArt,all,593,Impressionism,1996,1382,data/wikiart/Impressionism/wikiart_000593.jpg
WikiArt,all,594,Impressionism,2095,1382,data/wikiart/Impressionism/wikiart_000594.jpg
WikiArt,all,595,Impressionism,1382,1673,data/wikiart/Impressionism/wikiart_000595.jpg
WikiArt,all,596,Post_Impressionism,1881,1382,data/wikiart/Post_Impressionism/wikiart_000596.jpg
WikiArt,all,597,Northern_Renaissance,1873,1382,data/wikiart/Northern_Renaissance/wikiart_000597.jpg
WikiArt,all,598,Baroque,1382,1537,data/wikiart/Baroque/wikiart_000598.jpg
WikiArt,all,599,Post_Impressionism,1991,1382,data/wikiart/Post_Impressionism/wikiart_000599.jpg
WikiArt,all,600,Post_Impressionism,1736,1382,data/wikiart/Post_Impressionism/wikiart_000600.jpg
WikiArt,all,601,Impressionism,1382,2074,data/wikiart/Impressionism/wikiart_000601.jpg
WikiArt,all,602,Realism,1669,1382,data/wikiart/Realism/wikiart_000602.jpg
WikiArt,all,603,Realism,2089,1382,data/wikiart/Realism/wikiart_000603.jpg
WikiArt,all,604,Realism,2265,1382,data/wikiart/Realism/wikiart_000604.jpg
WikiArt,all,605,Synthetic_Cubism,1382,2283,data/wikiart/Synthetic_Cubism/wikiart_000605.jpg
WikiArt,all,606,Symbolism,1902,1382,data/wikiart/Symbolism/wikiart_000606.jpg
WikiArt,all,607,Impressionism,1697,1382,data/wikiart/Impressionism/wikiart_000607.jpg
WikiArt,all,608,Naive_Art_Primitivism,1727,1382,data/wikiart/Naive_Art_Primitivism/wikiart_000608.jpg
WikiArt,all,609,Impressionism,1382,2093,data/wikiart/Impressionism/wikiart_000609.jpg
WikiArt,all,610,Realism,2253,1382,data/wikiart/Realism/wikiart_000610.jpg
WikiArt,all,611,Impressionism,2103,1382,data/wikiart/Impressionism/wikiart_000611.jpg
WikiArt,all,612,Naive_Art_Primitivism,1828,1382,data/wikiart/Naive_Art_Primitivism/wikiart_000612.jpg
WikiArt,all,613,Impressionism,1561,1382,data/wikiart/Impressionism/wikiart_000613.jpg
WikiArt,all,614,Impressionism,1382,1642,data/wikiart/Impressionism/wikiart_000614.jpg
WikiArt,all,615,Realism,1382,2923,data/wikiart/Realism/wikiart_000615.jpg
WikiArt,all,616,Post_Impressionism,1426,1382,data/wikiart/Post_Impressionism/wikiart_000616.jpg
WikiArt,all,617,Post_Impressionism,1709,1382,data/wikiart/Post_Impressionism/wikiart_000617.jpg
WikiArt,all,618,Expressionism,1382,1566,data/wikiart/Expressionism/wikiart_000618.jpg
WikiArt,all,619,Northern_Renaissance,1382,1766,data/wikiart/Northern_Renaissance/wikiart_000619.jpg
WikiArt,all,620,Romanticism,1806,1382,data/wikiart/Romanticism/wikiart_000620.jpg
WikiArt,all,621,Expressionism,1557,1382,data/wikiart/Expressionism/wikiart_000621.jpg
WikiArt,all,622,Impressionism,2072,1382,data/wikiart/Impressionism/wikiart_000622.jpg
WikiArt,all,623,Symbolism,1783,1382,data/wikiart/Symbolism/wikiart_000623.jpg
WikiArt,all,624,Impressionism,1737,1382,data/wikiart/Impressionism/wikiart_000624.jpg
WikiArt,all,625,Art_Nouveau,1382,2155,data/wikiart/Art_Nouveau/wikiart_000625.jpg
WikiArt,all,626,Realism,1382,1783,data/wikiart/Realism/wikiart_000626.jpg
WikiArt,all,627,Realism,1382,2518,data/wikiart/Realism/wikiart_000627.jpg
WikiArt,all,628,Baroque,1381,1613,data/wikiart/Baroque/wikiart_000628.jpg
WikiArt,all,629,Symbolism,1382,1946,data/wikiart/Symbolism/wikiart_000629.jpg
WikiArt,all,630,Northern_Renaissance,1382,2071,data/wikiart/Northern_Renaissance/wikiart_000630.jpg
WikiArt,all,631,Post_Impressionism,1382,1798,data/wikiart/Post_Impressionism/wikiart_000631.jpg
WikiArt,all,632,Impressionism,1400,1382,data/wikiart/Impressionism/wikiart_000632.jpg
WikiArt,all,633,Expressionism,1382,1700,data/wikiart/Expressionism/wikiart_000633.jpg
WikiArt,all,634,Impressionism,1382,1560,data/wikiart/Impressionism/wikiart_000634.jpg
WikiArt,all,635,Impressionism,1742,1382,data/wikiart/Impressionism/wikiart_000635.jpg
WikiArt,all,636,Cubism,1382,1633,data/wikiart/Cubism/wikiart_000636.jpg
WikiArt,all,637,Symbolism,2063,1382,data/wikiart/Symbolism/wikiart_000637.jpg
WikiArt,all,638,Symbolism,1989,1382,data/wikiart/Symbolism/wikiart_000638.jpg
WikiArt,all,639,Symbolism,1410,1382,data/wikiart/Symbolism/wikiart_000639.jpg
WikiArt,all,640,Realism,1382,1780,data/wikiart/Realism/wikiart_000640.jpg
WikiArt,all,641,Northern_Renaissance,1382,1816,data/wikiart/Northern_Renaissance/wikiart_000641.jpg
WikiArt,all,642,Romanticism,2221,1381,data/wikiart/Romanticism/wikiart_000642.jpg
WikiArt,all,643,Impressionism,1668,1382,data/wikiart/Impressionism/wikiart_000643.jpg
WikiArt,all,644,Impressionism,1806,1382,data/wikiart/Impressionism/wikiart_000644.jpg
WikiArt,all,645,Baroque,1382,1860,data/wikiart/Baroque/wikiart_000645.jpg
WikiArt,all,646,Symbolism,2014,1382,data/wikiart/Symbolism/wikiart_000646.jpg
WikiArt,all,647,Analytical_Cubism,1382,2668,data/wikiart/Analytical_Cubism/wikiart_000647.jpg
WikiArt,all,648,Northern_Renaissance,1382,2186,data/wikiart/Northern_Renaissance/wikiart_000648.jpg
WikiArt,all,649,Impressionism,1930,1382,data/wikiart/Impressionism/wikiart_000649.jpg
WikiArt,all,650,Impressionism,2021,1382,data/wikiart/Impressionism/wikiart_000650.jpg
WikiArt,all,651,Post_Impressionism,1777,1382,data/wikiart/Post_Impressionism/wikiart_000651.jpg
WikiArt,all,652,Realism,1582,1382,data/wikiart/Realism/wikiart_000652.jpg
WikiArt,all,653,Romanticism,1382,1838,data/wikiart/Romanticism/wikiart_000653.jpg
WikiArt,all,654,Symbolism,1866,1382,data/wikiart/Symbolism/wikiart_000654.jpg
WikiArt,all,655,Realism,1382,1816,data/wikiart/Realism/wikiart_000655.jpg
WikiArt,all,656,Impressionism,1661,1382,data/wikiart/Impressionism/wikiart_000656.jpg
WikiArt,all,657,Baroque,1858,1382,data/wikiart/Baroque/wikiart_000657.jpg
WikiArt,all,658,Baroque,1382,1547,data/wikiart/Baroque/wikiart_000658.jpg
WikiArt,all,659,Northern_Renaissance,1382,3833,data/wikiart/Northern_Renaissance/wikiart_000659.jpg
WikiArt,all,660,Northern_Renaissance,1382,1390,data/wikiart/Northern_Renaissance/wikiart_000660.jpg
WikiArt,all,661,Impressionism,1769,1382,data/wikiart/Impressionism/wikiart_000661.jpg
WikiArt,all,662,Impressionism,2322,1382,data/wikiart/Impressionism/wikiart_000662.jpg
WikiArt,all,663,Naive_Art_Primitivism,1382,1814,data/wikiart/Naive_Art_Primitivism/wikiart_000663.jpg
WikiArt,all,664,Impressionism,2059,1382,data/wikiart/Impressionism/wikiart_000664.jpg
WikiArt,all,665,Realism,1845,1382,data/wikiart/Realism/wikiart_000665.jpg
WikiArt,all,666,Realism,1949,1382,data/wikiart/Realism/wikiart_000666.jpg
WikiArt,all,667,Symbolism,1832,1382,data/wikiart/Symbolism/wikiart_000667.jpg
WikiArt,all,668,Impressionism,1912,1382,data/wikiart/Impressionism/wikiart_000668.jpg
WikiArt,all,669,Northern_Renaissance,1382,2061,data/wikiart/Northern_Renaissance/wikiart_000669.jpg
WikiArt,all,670,Art_Nouveau,2058,1382,data/wikiart/Art_Nouveau/wikiart_000670.jpg
WikiArt,all,671,Northern_Renaissance,1961,1382,data/wikiart/Northern_Renaissance/wikiart_000671.jpg
WikiArt,all,672,Impressionism,1382,1713,data/wikiart/Impressionism/wikiart_000672.jpg
WikiArt,all,673,Impressionism,2180,1382,data/wikiart/Impressionism/wikiart_000673.jpg
WikiArt,all,674,Realism,1382,2403,data/wikiart/Realism/wikiart_000674.jpg
WikiArt,all,675,Expressionism,1382,1855,data/wikiart/Expressionism/wikiart_000675.jpg
WikiArt,all,676,Realism,1429,1382,data/wikiart/Realism/wikiart_000676.jpg
WikiArt,all,677,Post_Impressionism,1834,1382,data/wikiart/Post_Impressionism/wikiart_000677.jpg
WikiArt,all,678,Realism,1693,1382,data/wikiart/Realism/wikiart_000678.jpg
WikiArt,all,679,Art_Nouveau,1474,1382,data/wikiart/Art_Nouveau/wikiart_000679.jpg
WikiArt,all,680,Realism,1382,2390,data/wikiart/Realism/wikiart_000680.jpg
WikiArt,all,681,Expressionism,1382,2274,data/wikiart/Expressionism/wikiart_000681.jpg
WikiArt,all,682,Realism,1382,1723,data/wikiart/Realism/wikiart_000682.jpg
WikiArt,all,683,Art_Nouveau,1990,1382,data/wikiart/Art_Nouveau/wikiart_000683.jpg
WikiArt,all,684,Symbolism,2229,1382,data/wikiart/Symbolism/wikiart_000684.jpg
WikiArt,all,685,Impressionism,1979,1382,data/wikiart/Impressionism/wikiart_000685.jpg
WikiArt,all,686,Impressionism,1653,1382,data/wikiart/Impressionism/wikiart_000686.jpg
WikiArt,all,687,Northern_Renaissance,1382,1823,data/wikiart/Northern_Renaissance/wikiart_000687.jpg
WikiArt,all,688,Realism,2012,1382,data/wikiart/Realism/wikiart_000688.jpg
WikiArt,all,689,Impressionism,1658,1382,data/wikiart/Impressionism/wikiart_000689.jpg
WikiArt,all,690,Impressionism,1382,1757,data/wikiart/Impressionism/wikiart_000690.jpg
WikiArt,all,691,Northern_Renaissance,1382,1863,data/wikiart/Northern_Renaissance/wikiart_000691.jpg
WikiArt,all,692,Impressionism,1661,1382,data/wikiart/Impressionism/wikiart_000692.jpg
WikiArt,all,693,Expressionism,1824,1382,data/wikiart/Expressionism/wikiart_000693.jpg
WikiArt,all,694,Impressionism,1831,1382,data/wikiart/Impressionism/wikiart_000694.jpg
WikiArt,all,695,Realism,1808,1382,data/wikiart/Realism/wikiart_000695.jpg
WikiArt,all,696,Realism,1382,1934,data/wikiart/Realism/wikiart_000696.jpg
WikiArt,all,697,Cubism,1717,1382,data/wikiart/Cubism/wikiart_000697.jpg
WikiArt,all,698,Impressionism,1382,2346,data/wikiart/Impressionism/wikiart_000698.jpg
WikiArt,all,699,Romanticism,1382,1752,data/wikiart/Romanticism/wikiart_000699.jpg
WikiArt,all,700,Symbolism,1893,1381,data/wikiart/Symbolism/wikiart_000700.jpg
WikiArt,all,701,Impressionism,2148,1382,data/wikiart/Impressionism/wikiart_000701.jpg
WikiArt,all,702,Impressionism,1763,1382,data/wikiart/Impressionism/wikiart_000702.jpg
WikiArt,all,703,Post_Impressionism,2828,1382,data/wikiart/Post_Impressionism/wikiart_000703.jpg
WikiArt,all,704,Post_Impressionism,1689,1382,data/wikiart/Post_Impressionism/wikiart_000704.jpg
WikiArt,all,705,Impressionism,1701,1382,data/wikiart/Impressionism/wikiart_000705.jpg
WikiArt,all,706,Impressionism,1730,1382,data/wikiart/Impressionism/wikiart_000706.jpg
WikiArt,all,707,Naive_Art_Primitivism,1382,2108,data/wikiart/Naive_Art_Primitivism/wikiart_000707.jpg
WikiArt,all,708,Symbolism,2077,1382,data/wikiart/Symbolism/wikiart_000708.jpg
WikiArt,all,709,Symbolism,2159,1382,data/wikiart/Symbolism/wikiart_000709.jpg
WikiArt,all,710,Post_Impressionism,1618,1382,data/wikiart/Post_Impressionism/wikiart_000710.jpg
WikiArt,all,711,Art_Nouveau,1382,2075,data/wikiart/Art_Nouveau/wikiart_000711.jpg
WikiArt,all,712,Impressionism,1651,1382,data/wikiart/Impressionism/wikiart_000712.jpg
WikiArt,all,713,Romanticism,1382,1471,data/wikiart/Romanticism/wikiart_000713.jpg
WikiArt,all,714,Post_Impressionism,1720,1382,data/wikiart/Post_Impressionism/wikiart_000714.jpg
WikiArt,all,715,Realism,1656,1381,data/wikiart/Realism/wikiart_000715.jpg
WikiArt,all,716,Expressionism,1382,1700,data/wikiart/Expressionism/wikiart_000716.jpg
WikiArt,all,717,Realism,2207,1382,data/wikiart/Realism/wikiart_000717.jpg
WikiArt,all,718,Art_Nouveau,1382,2130,data/wikiart/Art_Nouveau/wikiart_000718.jpg
WikiArt,all,719,Impressionism,1854,1382,data/wikiart/Impressionism/wikiart_000719.jpg
WikiArt,all,720,Impressionism,1714,1382,data/wikiart/Impressionism/wikiart_000720.jpg
WikiArt,all,721,Expressionism,1382,2014,data/wikiart/Expressionism/wikiart_000721.jpg
WikiArt,all,722,Realism,1382,2049,data/wikiart/Realism/wikiart_000722.jpg
WikiArt,all,723,Romanticism,1382,1805,data/wikiart/Romanticism/wikiart_000723.jpg
WikiArt,all,724,Baroque,1382,2240,data/wikiart/Baroque/wikiart_000724.jpg
WikiArt,all,725,Realism,1382,1644,data/wikiart/Realism/wikiart_000725.jpg
WikiArt,all,726,Northern_Renaissance,1382,2065,data/wikiart/Northern_Renaissance/wikiart_000726.jpg
WikiArt,all,727,Realism,1824,1382,data/wikiart/Realism/wikiart_000727.jpg
WikiArt,all,728,Realism,1382,1783,data/wikiart/Realism/wikiart_000728.jpg
WikiArt,all,729,Realism,1982,1382,data/wikiart/Realism/wikiart_000729.jpg
WikiArt,all,730,Realism,2247,1382,data/wikiart/Realism/wikiart_000730.jpg
WikiArt,all,731,Northern_Renaissance,1382,1926,data/wikiart/Northern_Renaissance/wikiart_000731.jpg
WikiArt,all,732,Realism,1382,1484,data/wikiart/Realism/wikiart_000732.jpg
WikiArt,all,733,Baroque,1382,1530,data/wikiart/Baroque/wikiart_000733.jpg
WikiArt,all,734,Realism,1960,1382,data/wikiart/Realism/wikiart_000734.jpg
WikiArt,all,735,Impressionism,1382,1692,data/wikiart/Impressionism/wikiart_000735.jpg
WikiArt,all,736,Impressionism,1712,1382,data/wikiart/Impressionism/wikiart_000736.jpg
WikiArt,all,737,Expressionism,2853,1382,data/wikiart/Expressionism/wikiart_000737.jpg
WikiArt,all,738,Impressionism,1382,1766,data/wikiart/Impressionism/wikiart_000738.jpg
WikiArt,all,739,Impressionism,1805,1382,data/wikiart/Impressionism/wikiart_000739.jpg
WikiArt,all,740,Realism,1828,1382,data/wikiart/Realism/wikiart_000740.jpg
WikiArt,all,741,Impressionism,1976,1382,data/wikiart/Impressionism/wikiart_000741.jpg
WikiArt,all,742,Impressionism,1618,1382,data/wikiart/Impressionism/wikiart_000742.jpg
WikiArt,all,743,Naive_Art_Primitivism,1842,1382,data/wikiart/Naive_Art_Primitivism/wikiart_000743.jpg
WikiArt,all,744,Impressionism,2249,1382,data/wikiart/Impressionism/wikiart_000744.jpg
WikiArt,all,745,Realism,1382,1801,data/wikiart/Realism/wikiart_000745.jpg
WikiArt,all,746,Symbolism,2160,1382,data/wikiart/Symbolism/wikiart_000746.jpg
WikiArt,all,747,Post_Impressionism,1382,1703,data/wikiart/Post_Impressionism/wikiart_000747.jpg
WikiArt,all,748,Realism,2189,1382,data/wikiart/Realism/wikiart_000748.jpg
WikiArt,all,749,Romanticism,1382,1830,data/wikiart/Romanticism/wikiart_000749.jpg
WikiArt,all,750,Realism,1927,1382,data/wikiart/Realism/wikiart_000750.jpg
WikiArt,all,751,Art_Nouveau,1382,2802,data/wikiart/Art_Nouveau/wikiart_000751.jpg
WikiArt,all,752,Post_Impressionism,1829,1382,data/wikiart/Post_Impressionism/wikiart_000752.jpg
WikiArt,all,753,Realism,1382,2036,data/wikiart/Realism/wikiart_000753.jpg
WikiArt,all,754,Cubism,1382,1670,data/wikiart/Cubism/wikiart_000754.jpg
WikiArt,all,755,Romanticism,1382,1792,data/wikiart/Romanticism/wikiart_000755.jpg
WikiArt,all,756,Post_Impressionism,1382,1382,data/wikiart/Post_Impressionism/wikiart_000756.jpg
WikiArt,all,757,Realism,1382,1547,data/wikiart/Realism/wikiart_000757.jpg
WikiArt,all,758,Realism,1382,1845,data/wikiart/Realism/wikiart_000758.jpg
WikiArt,all,759,Pointillism,1840,1382,data/wikiart/Pointillism/wikiart_000759.jpg
WikiArt,all,760,Romanticism,1382,1833,data/wikiart/Romanticism/wikiart_000760.jpg
WikiArt,all,761,Art_Nouveau,1382,2169,data/wikiart/Art_Nouveau/wikiart_000761.jpg
WikiArt,all,762,Naive_Art_Primitivism,1722,1382,data/wikiart/Naive_Art_Primitivism/wikiart_000762.jpg
WikiArt,all,763,Northern_Renaissance,1382,1643,data/wikiart/Northern_Renaissance/wikiart_000763.jpg
WikiArt,all,764,Impressionism,1382,1682,data/wikiart/Impressionism/wikiart_000764.jpg
WikiArt,all,765,Impressionism,2220,1382,data/wikiart/Impressionism/wikiart_000765.jpg
WikiArt,all,766,Realism,1382,1559,data/wikiart/Realism/wikiart_000766.jpg
WikiArt,all,767,Realism,1382,1661,data/wikiart/Realism/wikiart_000767.jpg
WikiArt,all,768,Impressionism,1691,1382,data/wikiart/Impressionism/wikiart_000768.jpg
WikiArt,all,769,Baroque,1382,1770,data/wikiart/Baroque/wikiart_000769.jpg
WikiArt,all,770,Post_Impressionism,1833,1382,data/wikiart/Post_Impressionism/wikiart_000770.jpg
WikiArt,all,771,Realism,1382,1712,data/wikiart/Realism/wikiart_000771.jpg
WikiArt,all,772,Post_Impressionism,2358,1381,data/wikiart/Post_Impressionism/wikiart_000772.jpg
WikiArt,all,773,Impressionism,1382,1452,data/wikiart/Impressionism/wikiart_000773.jpg
WikiArt,all,774,Impressionism,1677,1382,data/wikiart/Impressionism/wikiart_000774.jpg
WikiArt,all,775,Northern_Renaissance,1382,1889,data/wikiart/Northern_Renaissance/wikiart_000775.jpg
WikiArt,all,776,Expressionism,2048,1382,data/wikiart/Expressionism/wikiart_000776.jpg
WikiArt,all,777,Impressionism,1382,1787,data/wikiart/Impressionism/wikiart_000777.jpg
WikiArt,all,778,Symbolism,2044,1382,data/wikiart/Symbolism/wikiart_000778.jpg
WikiArt,all,779,Expressionism,1382,2200,data/wikiart/Expressionism/wikiart_000779.jpg
WikiArt,all,780,Realism,1382,2293,data/wikiart/Realism/wikiart_000780.jpg
WikiArt,all,781,Northern_Renaissance,1382,1705,data/wikiart/Northern_Renaissance/wikiart_000781.jpg
WikiArt,all,782,Impressionism,1382,2155,data/wikiart/Impressionism/wikiart_000782.jpg
WikiArt,all,783,Impressionism,1642,1382,data/wikiart/Impressionism/wikiart_000783.jpg
WikiArt,all,784,Realism,1382,1695,data/wikiart/Realism/wikiart_000784.jpg
WikiArt,all,785,Impressionism,1644,1382,data/wikiart/Impressionism/wikiart_000785.jpg
WikiArt,all,786,Impressionism,2115,1382,data/wikiart/Impressionism/wikiart_000786.jpg
WikiArt,all,787,Romanticism,1382,1923,data/wikiart/Romanticism/wikiart_000787.jpg
WikiArt,all,788,Impressionism,1984,1382,data/wikiart/Impressionism/wikiart_000788.jpg
WikiArt,all,789,Impressionism,1382,1538,data/wikiart/Impressionism/wikiart_000789.jpg
WikiArt,all,790,Realism,1537,1381,data/wikiart/Realism/wikiart_000790.jpg
WikiArt,all,791,Expressionism,1382,2073,data/wikiart/Expressionism/wikiart_000791.jpg
WikiArt,all,792,Impressionism,1657,1382,data/wikiart/Impressionism/wikiart_000792.jpg
WikiArt,all,793,Baroque,1382,1972,data/wikiart/Baroque/wikiart_000793.jpg
WikiArt,all,794,Impressionism,1382,2137,data/wikiart/Impressionism/wikiart_000794.jpg
WikiArt,all,795,Post_Impressionism,2025,1382,data/wikiart/Post_Impressionism/wikiart_000795.jpg
WikiArt,all,796,Symbolism,2813,1382,data/wikiart/Symbolism/wikiart_000796.jpg
WikiArt,all,797,Impressionism,1382,1934,data/wikiart/Impressionism/wikiart_000797.jpg
WikiArt,all,798,Impressionism,1625,1382,data/wikiart/Impressionism/wikiart_000798.jpg
WikiArt,all,799,Baroque,1442,1382,data/wikiart/Baroque/wikiart_000799.jpg
WikiArt,all,800,Expressionism,1382,1569,data/wikiart/Expressionism/wikiart_000800.jpg
WikiArt,all,801,Realism,1382,2149,data/wikiart/Realism/wikiart_000801.jpg
WikiArt,all,802,Impressionism,1382,1382,data/wikiart/Impressionism/wikiart_000802.jpg
WikiArt,all,803,Impressionism,1382,1840,data/wikiart/Impressionism/wikiart_000803.jpg
WikiArt,all,804,Baroque,1382,1974,data/wikiart/Baroque/wikiart_000804.jpg
WikiArt,all,805,Impressionism,1706,1382,data/wikiart/Impressionism/wikiart_000805.jpg
WikiArt,all,806,Symbolism,1917,1382,data/wikiart/Symbolism/wikiart_000806.jpg
WikiArt,all,807,Art_Nouveau,1834,1382,data/wikiart/Art_Nouveau/wikiart_000807.jpg
WikiArt,all,808,Realism,1583,1382,data/wikiart/Realism/wikiart_000808.jpg
WikiArt,all,809,Impressionism,1792,1382,data/wikiart/Impressionism/wikiart_000809.jpg
WikiArt,all,810,Cubism,2025,1382,data/wikiart/Cubism/wikiart_000810.jpg
WikiArt,all,811,Impressionism,1772,1382,data/wikiart/Impressionism/wikiart_000811.jpg
WikiArt,all,812,Impressionism,1740,1382,data/wikiart/Impressionism/wikiart_000812.jpg
WikiArt,all,813,Symbolism,1382,1867,data/wikiart/Symbolism/wikiart_000813.jpg
WikiArt,all,814,Realism,1711,1382,data/wikiart/Realism/wikiart_000814.jpg
WikiArt,all,815,Impressionism,1672,1382,data/wikiart/Impressionism/wikiart_000815.jpg
WikiArt,all,816,Realism,1382,2100,data/wikiart/Realism/wikiart_000816.jpg
WikiArt,all,817,Impressionism,1382,1752,data/wikiart/Impressionism/wikiart_000817.jpg
WikiArt,all,818,Realism,2115,1382,data/wikiart/Realism/wikiart_000818.jpg
WikiArt,all,819,Impressionism,1664,1382,data/wikiart/Impressionism/wikiart_000819.jpg
WikiArt,all,820,Realism,1382,1797,data/wikiart/Realism/wikiart_000820.jpg
WikiArt,all,821,Realism,1994,1382,data/wikiart/Realism/wikiart_000821.jpg
WikiArt,all,822,Impressionism,1382,1706,data/wikiart/Impressionism/wikiart_000822.jpg
WikiArt,all,823,Realism,1382,1792,data/wikiart/Realism/wikiart_000823.jpg
WikiArt,all,824,Expressionism,1771,1382,data/wikiart/Expressionism/wikiart_000824.jpg
WikiArt,all,825,Impressionism,1711,1382,data/wikiart/Impressionism/wikiart_000825.jpg
WikiArt,all,826,Cubism,1382,1728,data/wikiart/Cubism/wikiart_000826.jpg
WikiArt,all,827,Realism,1708,1382,data/wikiart/Realism/wikiart_000827.jpg
WikiArt,all,828,Naive_Art_Primitivism,1382,1633,data/wikiart/Naive_Art_Primitivism/wikiart_000828.jpg
WikiArt,all,829,Symbolism,1679,1382,data/wikiart/Symbolism/wikiart_000829.jpg
WikiArt,all,830,Impressionism,1382,1603,data/wikiart/Impressionism/wikiart_000830.jpg
WikiArt,all,831,Cubism,1382,1660,data/wikiart/Cubism/wikiart_000831.jpg
WikiArt,all,832,Realism,1398,1382,data/wikiart/Realism/wikiart_000832.jpg
WikiArt,all,833,Art_Nouveau,1911,1382,data/wikiart/Art_Nouveau/wikiart_000833.jpg
WikiArt,all,834,Impressionism,1755,1382,data/wikiart/Impressionism/wikiart_000834.jpg
WikiArt,all,835,Impressionism,2279,1382,data/wikiart/Impressionism/wikiart_000835.jpg
WikiArt,all,836,Romanticism,1382,1882,data/wikiart/Romanticism/wikiart_000836.jpg
WikiArt,all,837,Post_Impressionism,1382,1774,data/wikiart/Post_Impressionism/wikiart_000837.jpg
WikiArt,all,838,Cubism,1858,1382,data/wikiart/Cubism/wikiart_000838.jpg
WikiArt,all,839,Post_Impressionism,1382,1875,data/wikiart/Post_Impressionism/wikiart_000839.jpg
WikiArt,all,840,Impressionism,1643,1382,data/wikiart/Impressionism/wikiart_000840.jpg
WikiArt,all,841,Impressionism,1382,1693,data/wikiart/Impressionism/wikiart_000841.jpg
WikiArt,all,842,Impressionism,1879,1382,data/wikiart/Impressionism/wikiart_000842.jpg
WikiArt,all,843,Cubism,1382,2104,data/wikiart/Cubism/wikiart_000843.jpg
WikiArt,all,844,Romanticism,1953,1382,data/wikiart/Romanticism/wikiart_000844.jpg
WikiArt,all,845,Impressionism,1382,1684,data/wikiart/Impressionism/wikiart_000845.jpg
WikiArt,all,846,Symbolism,1877,1382,data/wikiart/Symbolism/wikiart_000846.jpg
WikiArt,all,847,Expressionism,1382,1935,data/wikiart/Expressionism/wikiart_000847.jpg
WikiArt,all,848,Symbolism,2087,1381,data/wikiart/Symbolism/wikiart_000848.jpg
WikiArt,all,849,Impressionism,1382,1715,data/wikiart/Impressionism/wikiart_000849.jpg
WikiArt,all,850,Symbolism,2929,1382,data/wikiart/Symbolism/wikiart_000850.jpg
WikiArt,all,851,Impressionism,1382,1823,data/wikiart/Impressionism/wikiart_000851.jpg
WikiArt,all,852,Northern_Renaissance,1382,2084,data/wikiart/Northern_Renaissance/wikiart_000852.jpg
WikiArt,all,853,Realism,1382,1993,data/wikiart/Realism/wikiart_000853.jpg
WikiArt,all,854,Art_Nouveau,3495,1382,data/wikiart/Art_Nouveau/wikiart_000854.jpg
WikiArt,all,855,Art_Nouveau,1382,2085,data/wikiart/Art_Nouveau/wikiart_000855.jpg
WikiArt,all,856,Realism,1746,1382,data/wikiart/Realism/wikiart_000856.jpg
WikiArt,all,857,Realism,1382,1869,data/wikiart/Realism/wikiart_000857.jpg
WikiArt,all,858,Impressionism,1777,1382,data/wikiart/Impressionism/wikiart_000858.jpg
WikiArt,all,859,Realism,2243,1382,data/wikiart/Realism/wikiart_000859.jpg
WikiArt,all,860,Realism,1562,1382,data/wikiart/Realism/wikiart_000860.jpg
WikiArt,all,861,Realism,1382,1780,data/wikiart/Realism/wikiart_000861.jpg
WikiArt,all,862,Naive_Art_Primitivism,1382,1931,data/wikiart/Naive_Art_Primitivism/wikiart_000862.jpg
WikiArt,all,863,Baroque,1382,2764,data/wikiart/Baroque/wikiart_000863.jpg
WikiArt,all,864,Impressionism,1382,2597,data/wikiart/Impressionism/wikiart_000864.jpg
WikiArt,all,865,Symbolism,2023,1382,data/wikiart/Symbolism/wikiart_000865.jpg
WikiArt,all,866,Romanticism,1382,1904,data/wikiart/Romanticism/wikiart_000866.jpg
WikiArt,all,867,Analytical_Cubism,1382,1927,data/wikiart/Analytical_Cubism/wikiart_000867.jpg
WikiArt,all,868,Art_Nouveau,1720,1382,data/wikiart/Art_Nouveau/wikiart_000868.jpg
WikiArt,all,869,Romanticism,1382,1816,data/wikiart/Romanticism/wikiart_000869.jpg
WikiArt,all,870,Realism,1382,2032,data/wikiart/Realism/wikiart_000870.jpg
WikiArt,all,871,Art_Nouveau,1382,1893,data/wikiart/Art_Nouveau/wikiart_000871.jpg
WikiArt,all,872,Impressionism,2740,1382,data/wikiart/Impressionism/wikiart_000872.jpg
WikiArt,all,873,Impressionism,2511,1382,data/wikiart/Impressionism/wikiart_000873.jpg
WikiArt,all,874,Impressionism,1719,1382,data/wikiart/Impressionism/wikiart_000874.jpg
WikiArt,all,875,Realism,1382,1943,data/wikiart/Realism/wikiart_000875.jpg
WikiArt,all,876,Symbolism,1382,1862,data/wikiart/Symbolism/wikiart_000876.jpg
WikiArt,all,877,Baroque,1382,1684,data/wikiart/Baroque/wikiart_000877.jpg
WikiArt,all,878,Romanticism,1382,1875,data/wikiart/Romanticism/wikiart_000878.jpg
WikiArt,all,879,Impressionism,1382,1460,data/wikiart/Impressionism/wikiart_000879.jpg
WikiArt,all,880,Art_Nouveau,1382,1675,data/wikiart/Art_Nouveau/wikiart_000880.jpg
WikiArt,all,881,Expressionism,1382,1974,data/wikiart/Expressionism/wikiart_000881.jpg
WikiArt,all,882,Impressionism,1382,1655,data/wikiart/Impressionism/wikiart_000882.jpg
WikiArt,all,883,Art_Nouveau,1382,2120,data/wikiart/Art_Nouveau/wikiart_000883.jpg
WikiArt,all,884,Impressionism,1774,1381,data/wikiart/Impressionism/wikiart_000884.jpg
WikiArt,all,885,Symbolism,1382,1619,data/wikiart/Symbolism/wikiart_000885.jpg
WikiArt,all,886,Symbolism,1954,1382,data/wikiart/Symbolism/wikiart_000886.jpg
WikiArt,all,887,Romanticism,1382,2020,data/wikiart/Romanticism/wikiart_000887.jpg
WikiArt,all,888,Impressionism,1852,1382,data/wikiart/Impressionism/wikiart_000888.jpg
WikiArt,all,889,Realism,2026,1382,data/wikiart/Realism/wikiart_000889.jpg
WikiArt,all,890,Impressionism,2308,1382,data/wikiart/Impressionism/wikiart_000890.jpg
WikiArt,all,891,Naive_Art_Primitivism,1382,1823,data/wikiart/Naive_Art_Primitivism/wikiart_000891.jpg
WikiArt,all,892,Impressionism,1649,1382,data/wikiart/Impressionism/wikiart_000892.jpg
WikiArt,all,893,Realism,2382,1382,data/wikiart/Realism/wikiart_000893.jpg
WikiArt,all,894,Post_Impressionism,1382,1918,data/wikiart/Post_Impressionism/wikiart_000894.jpg
WikiArt,all,895,Realism,1382,1667,data/wikiart/Realism/wikiart_000895.jpg
WikiArt,all,896,Realism,1382,2482,data/wikiart/Realism/wikiart_000896.jpg
WikiArt,all,897,Post_Impressionism,1382,1871,data/wikiart/Post_Impressionism/wikiart_000897.jpg
WikiArt,all,898,Realism,1382,1629,data/wikiart/Realism/wikiart_000898.jpg
WikiArt,all,899,Impressionism,1382,1649,data/wikiart/Impressionism/wikiart_000899.jpg
WikiArt,all,900,Cubism,1382,1791,data/wikiart/Cubism/wikiart_000900.jpg
WikiArt,all,901,Baroque,1382,1780,data/wikiart/Baroque/wikiart_000901.jpg
WikiArt,all,902,Symbolism,2197,1382,data/wikiart/Symbolism/wikiart_000902.jpg
WikiArt,all,903,Realism,1382,2200,data/wikiart/Realism/wikiart_000903.jpg
WikiArt,all,904,Impressionism,1780,1382,data/wikiart/Impressionism/wikiart_000904.jpg
WikiArt,all,905,Symbolism,1855,1382,data/wikiart/Symbolism/wikiart_000905.jpg
WikiArt,all,906,Baroque,1382,1662,data/wikiart/Baroque/wikiart_000906.jpg
WikiArt,all,907,Impressionism,1724,1382,data/wikiart/Impressionism/wikiart_000907.jpg
WikiArt,all,908,Symbolism,2362,1382,data/wikiart/Symbolism/wikiart_000908.jpg
WikiArt,all,909,Romanticism,1382,1809,data/wikiart/Romanticism/wikiart_000909.jpg
WikiArt,all,910,Impressionism,1382,1691,data/wikiart/Impressionism/wikiart_000910.jpg
WikiArt,all,911,Romanticism,1382,1771,data/wikiart/Romanticism/wikiart_000911.jpg
WikiArt,all,912,Post_Impressionism,1794,1382,data/wikiart/Post_Impressionism/wikiart_000912.jpg
WikiArt,all,913,Expressionism,1382,1722,data/wikiart/Expressionism/wikiart_000913.jpg
WikiArt,all,914,Northern_Renaissance,1382,1937,data/wikiart/Northern_Renaissance/wikiart_000914.jpg
WikiArt,all,915,Realism,2197,1382,data/wikiart/Realism/wikiart_000915.jpg
WikiArt,all,916,Impressionism,1668,1382,data/wikiart/Impressionism/wikiart_000916.jpg
WikiArt,all,917,Realism,1382,1548,data/wikiart/Realism/wikiart_000917.jpg
WikiArt,all,918,Art_Nouveau,1404,1382,data/wikiart/Art_Nouveau/wikiart_000918.jpg
WikiArt,all,919,Symbolism,1876,1382,data/wikiart/Symbolism/wikiart_000919.jpg
WikiArt,all,920,Art_Nouveau,1851,1382,data/wikiart/Art_Nouveau/wikiart_000920.jpg
WikiArt,all,921,Impressionism,1706,1382,data/wikiart/Impressionism/wikiart_000921.jpg
WikiArt,all,922,Realism,1951,1382,data/wikiart/Realism/wikiart_000922.jpg
WikiArt,all,923,Post_Impressionism,1672,1382,data/wikiart/Post_Impressionism/wikiart_000923.jpg
WikiArt,all,924,Post_Impressionism,1382,1978,data/wikiart/Post_Impressionism/wikiart_000924.jpg
WikiArt,all,925,Art_Nouveau,3290,1382,data/wikiart/Art_Nouveau/wikiart_000925.jpg
WikiArt,all,926,Realism,1382,1870,data/wikiart/Realism/wikiart_000926.jpg
WikiArt,all,927,Baroque,1382,1718,data/wikiart/Baroque/wikiart_000927.jpg
WikiArt,all,928,Impressionism,1382,1687,data/wikiart/Impressionism/wikiart_000928.jpg
WikiArt,all,929,Impressionism,1710,1382,data/wikiart/Impressionism/wikiart_000929.jpg
WikiArt,all,930,Post_Impressionism,1742,1382,data/wikiart/Post_Impressionism/wikiart_000930.jpg
WikiArt,all,931,Realism,1382,2225,data/wikiart/Realism/wikiart_000931.jpg
WikiArt,all,932,Realism,2010,1382,data/wikiart/Realism/wikiart_000932.jpg
WikiArt,all,933,Romanticism,1382,1850,data/wikiart/Romanticism/wikiart_000933.jpg
WikiArt,all,934,Northern_Renaissance,1382,1775,data/wikiart/Northern_Renaissance/wikiart_000934.jpg
WikiArt,all,935,Realism,1382,3959,data/wikiart/Realism/wikiart_000935.jpg
WikiArt,all,936,Symbolism,1926,1382,data/wikiart/Symbolism/wikiart_000936.jpg
WikiArt,all,937,Realism,2287,1382,data/wikiart/Realism/wikiart_000937.jpg
WikiArt,all,938,Romanticism,1847,1382,data/wikiart/Romanticism/wikiart_000938.jpg
WikiArt,all,939,Art_Nouveau,1382,2099,data/wikiart/Art_Nouveau/wikiart_000939.jpg
WikiArt,all,940,Impressionism,2028,1382,data/wikiart/Impressionism/wikiart_000940.jpg
WikiArt,all,941,Impressionism,2024,1382,data/wikiart/Impressionism/wikiart_000941.jpg
WikiArt,all,942,Impressionism,1887,1382,data/wikiart/Impressionism/wikiart_000942.jpg
WikiArt,all,943,Impressionism,1869,1382,data/wikiart/Impressionism/wikiart_000943.jpg
WikiArt,all,944,Realism,3044,1382,data/wikiart/Realism/wikiart_000944.jpg
WikiArt,all,945,Post_Impressionism,1837,1382,data/wikiart/Post_Impressionism/wikiart_000945.jpg
WikiArt,all,946,Realism,1382,2027,data/wikiart/Realism/wikiart_000946.jpg
WikiArt,all,947,Cubism,1382,1754,data/wikiart/Cubism/wikiart_000947.jpg
WikiArt,all,948,Symbolism,1732,1382,data/wikiart/Symbolism/wikiart_000948.jpg
WikiArt,all,949,Naive_Art_Primitivism,1382,1795,data/wikiart/Naive_Art_Primitivism/wikiart_000949.jpg
WikiArt,all,950,Art_Nouveau,1382,2114,data/wikiart/Art_Nouveau/wikiart_000950.jpg
WikiArt,all,951,Romanticism,1382,1766,data/wikiart/Romanticism/wikiart_000951.jpg
WikiArt,all,952,Impressionism,1382,1783,data/wikiart/Impressionism/wikiart_000952.jpg
WikiArt,all,953,Realism,1382,2308,data/wikiart/Realism/wikiart_000953.jpg
WikiArt,all,954,Expressionism,1382,1902,data/wikiart/Expressionism/wikiart_000954.jpg
WikiArt,all,955,Impressionism,1382,2070,data/wikiart/Impressionism/wikiart_000955.jpg
WikiArt,all,956,Symbolism,2060,1382,data/wikiart/Symbolism/wikiart_000956.jpg
WikiArt,all,957,Post_Impressionism,1563,1382,data/wikiart/Post_Impressionism/wikiart_000957.jpg
WikiArt,all,958,Realism,1971,1382,data/wikiart/Realism/wikiart_000958.jpg
WikiArt,all,959,Impressionism,1803,1382,data/wikiart/Impressionism/wikiart_000959.jpg
WikiArt,all,960,Cubism,1855,1382,data/wikiart/Cubism/wikiart_000960.jpg
WikiArt,all,961,Realism,1382,2159,data/wikiart/Realism/wikiart_000961.jpg
WikiArt,all,962,Impressionism,1382,1902,data/wikiart/Impressionism/wikiart_000962.jpg
WikiArt,all,963,Impressionism,1736,1382,data/wikiart/Impressionism/wikiart_000963.jpg
WikiArt,all,964,Post_Impressionism,1382,1645,data/wikiart/Post_Impressionism/wikiart_000964.jpg
WikiArt,all,965,Post_Impressionism,2236,1382,data/wikiart/Post_Impressionism/wikiart_000965.jpg
WikiArt,all,966,Romanticism,1382,1905,data/wikiart/Romanticism/wikiart_000966.jpg
WikiArt,all,967,Art_Nouveau,2107,1382,data/wikiart/Art_Nouveau/wikiart_000967.jpg
WikiArt,all,968,Expressionism,2013,1382,data/wikiart/Expressionism/wikiart_000968.jpg
WikiArt,all,969,Realism,1570,1382,data/wikiart/Realism/wikiart_000969.jpg
WikiArt,all,970,Impressionism,2777,1381,data/wikiart/Impressionism/wikiart_000970.jpg
WikiArt,all,971,Art_Nouveau,2493,1382,data/wikiart/Art_Nouveau/wikiart_000971.jpg
WikiArt,all,972,Art_Nouveau,2083,1382,data/wikiart/Art_Nouveau/wikiart_000972.jpg
WikiArt,all,973,Art_Nouveau,2179,1382,data/wikiart/Art_Nouveau/wikiart_000973.jpg
WikiArt,all,974,Impressionism,2524,1382,data/wikiart/Impressionism/wikiart_000974.jpg
WikiArt,all,975,Realism,1819,1382,data/wikiart/Realism/wikiart_000975.jpg
WikiArt,all,976,Baroque,1382,1756,data/wikiart/Baroque/wikiart_000976.jpg
WikiArt,all,977,Realism,1382,2038,data/wikiart/Realism/wikiart_000977.jpg
WikiArt,all,978,Post_Impressionism,1676,1382,data/wikiart/Post_Impressionism/wikiart_000978.jpg
WikiArt,all,979,Symbolism,2069,1382,data/wikiart/Symbolism/wikiart_000979.jpg
WikiArt,all,980,Art_Nouveau,1382,2183,data/wikiart/Art_Nouveau/wikiart_000980.jpg
WikiArt,all,981,Impressionism,1382,1581,data/wikiart/Impressionism/wikiart_000981.jpg
WikiArt,all,982,Art_Nouveau,1382,2675,data/wikiart/Art_Nouveau/wikiart_000982.jpg
WikiArt,all,983,Realism,1535,1382,data/wikiart/Realism/wikiart_000983.jpg
WikiArt,all,984,Realism,1903,1382,data/wikiart/Realism/wikiart_000984.jpg
WikiArt,all,985,Northern_Renaissance,1980,1382,data/wikiart/Northern_Renaissance/wikiart_000985.jpg
WikiArt,all,986,Impressionism,1382,1680,data/wikiart/Impressionism/wikiart_000986.jpg
WikiArt,all,987,Realism,1382,1633,data/wikiart/Realism/wikiart_000987.jpg
WikiArt,all,988,Naive_Art_Primitivism,1382,1768,data/wikiart/Naive_Art_Primitivism/wikiart_000988.jpg
WikiArt,all,989,Post_Impressionism,1742,1382,data/wikiart/Post_Impressionism/wikiart_000989.jpg
WikiArt,all,990,Impressionism,1652,1382,data/wikiart/Impressionism/wikiart_000990.jpg
WikiArt,all,991,Impressionism,1382,2113,data/wikiart/Impressionism/wikiart_000991.jpg
WikiArt,all,992,Impressionism,2077,1382,data/wikiart/Impressionism/wikiart_000992.jpg
WikiArt,all,993,Impressionism,1710,1382,data/wikiart/Impressionism/wikiart_000993.jpg
WikiArt,all,994,Realism,2382,1382,data/wikiart/Realism/wikiart_000994.jpg
WikiArt,all,995,Baroque,1382,1725,data/wikiart/Baroque/wikiart_000995.jpg
WikiArt,all,996,Realism,1382,1699,data/wikiart/Realism/wikiart_000996.jpg
WikiArt,all,997,Realism,1382,2245,data/wikiart/Realism/wikiart_000997.jpg
WikiArt,all,998,Impressionism,1816,1382,data/wikiart/Impressionism/wikiart_000998.jpg
WikiArt,all,999,Realism,1935,1382,data/wikiart/Realism/wikiart_000999.jpg
WikiArt,all,1000,Impressionism,1382,1458,data/wikiart/Impressionism/wikiart_001000.jpg
WikiArt,all,1001,Realism,1382,1946,data/wikiart/Realism/wikiart_001001.jpg
WikiArt,all,1002,Art_Nouveau,2137,1382,data/wikiart/Art_Nouveau/wikiart_001002.jpg
WikiArt,all,1003,Baroque,1510,1382,data/wikiart/Baroque/wikiart_001003.jpg
WikiArt,all,1004,Impressionism,1382,1815,data/wikiart/Impressionism/wikiart_001004.jpg
WikiArt,all,1005,Post_Impressionism,1651,1382,data/wikiart/Post_Impressionism/wikiart_001005.jpg
WikiArt,all,1006,Realism,1382,1927,data/wikiart/Realism/wikiart_001006.jpg
WikiArt,all,1007,Post_Impressionism,1382,1877,data/wikiart/Post_Impressionism/wikiart_001007.jpg
WikiArt,all,1008,Realism,1382,2124,data/wikiart/Realism/wikiart_001008.jpg
WikiArt,all,1009,Impressionism,1382,1677,data/wikiart/Impressionism/wikiart_001009.jpg
WikiArt,all,1010,Realism,1382,1754,data/wikiart/Realism/wikiart_001010.jpg
WikiArt,all,1011,Naive_Art_Primitivism,1382,1789,data/wikiart/Naive_Art_Primitivism/wikiart_001011.jpg
WikiArt,all,1012,Realism,1382,1906,data/wikiart/Realism/wikiart_001012.jpg
WikiArt,all,1013,Post_Impressionism,1884,1382,data/wikiart/Post_Impressionism/wikiart_001013.jpg
WikiArt,all,1014,Impressionism,1812,1382,data/wikiart/Impressionism/wikiart_001014.jpg
WikiArt,all,1015,Realism,1965,1382,data/wikiart/Realism/wikiart_001015.jpg
WikiArt,all,1016,Post_Impressionism,2786,1382,data/wikiart/Post_Impressionism/wikiart_001016.jpg
WikiArt,all,1017,Realism,1382,1761,data/wikiart/Realism/wikiart_001017.jpg
WikiArt,all,1018,Realism,1382,1870,data/wikiart/Realism/wikiart_001018.jpg
WikiArt,all,1019,Realism,2171,1382,data/wikiart/Realism/wikiart_001019.jpg
WikiArt,all,1020,Naive_Art_Primitivism,1382,1777,data/wikiart/Naive_Art_Primitivism/wikiart_001020.jpg
WikiArt,all,1021,Realism,1382,1930,data/wikiart/Realism/wikiart_001021.jpg
WikiArt,all,1022,Post_Impressionism,1799,1382,data/wikiart/Post_Impressionism/wikiart_001022.jpg
WikiArt,all,1023,Impressionism,1684,1382,data/wikiart/Impressionism/wikiart_001023.jpg
WikiArt,all,1024,Realism,1382,1772,data/wikiart/Realism/wikiart_001024.jpg
WikiArt,all,1025,Romanticism,2191,1382,data/wikiart/Romanticism/wikiart_001025.jpg
WikiArt,all,1026,Impressionism,1655,1382,data/wikiart/Impressionism/wikiart_001026.jpg
WikiArt,all,1027,Expressionism,1606,1381,data/wikiart/Expressionism/wikiart_001027.jpg
WikiArt,all,1028,Symbolism,2068,1382,data/wikiart/Symbolism/wikiart_001028.jpg
WikiArt,all,1029,Impressionism,2094,1382,data/wikiart/Impressionism/wikiart_001029.jpg
WikiArt,all,1030,Realism,1382,1786,data/wikiart/Realism/wikiart_001030.jpg
WikiArt,all,1031,Romanticism,1382,1751,data/wikiart/Romanticism/wikiart_001031.jpg
WikiArt,all,1032,Romanticism,1382,1820,data/wikiart/Romanticism/wikiart_001032.jpg
WikiArt,all,1033,Impressionism,2082,1382,data/wikiart/Impressionism/wikiart_001033.jpg
WikiArt,all,1034,Realism,1381,1839,data/wikiart/Realism/wikiart_001034.jpg
WikiArt,all,1035,Symbolism,1818,1382,data/wikiart/Symbolism/wikiart_001035.jpg
WikiArt,all,1036,Romanticism,1382,1889,data/wikiart/Romanticism/wikiart_001036.jpg
WikiArt,all,1037,Symbolism,2034,1382,data/wikiart/Symbolism/wikiart_001037.jpg
WikiArt,all,1038,Realism,1382,1679,data/wikiart/Realism/wikiart_001038.jpg
WikiArt,all,1039,Realism,1866,1382,data/wikiart/Realism/wikiart_001039.jpg
WikiArt,all,1040,Impressionism,1382,1754,data/wikiart/Impressionism/wikiart_001040.jpg
WikiArt,all,1041,Realism,1818,1382,data/wikiart/Realism/wikiart_001041.jpg
WikiArt,all,1042,Naive_Art_Primitivism,1382,1892,data/wikiart/Naive_Art_Primitivism/wikiart_001042.jpg
WikiArt,all,1043,Baroque,2070,1382,data/wikiart/Baroque/wikiart_001043.jpg
WikiArt,all,1044,Impressionism,1889,1382,data/wikiart/Impressionism/wikiart_001044.jpg
WikiArt,all,1045,Symbolism,2118,1382,data/wikiart/Symbolism/wikiart_001045.jpg
WikiArt,all,1046,Impressionism,1844,1382,data/wikiart/Impressionism/wikiart_001046.jpg
WikiArt,all,1047,Post_Impressionism,1382,1980,data/wikiart/Post_Impressionism/wikiart_001047.jpg
WikiArt,all,1048,Naive_Art_Primitivism,1382,1724,data/wikiart/Naive_Art_Primitivism/wikiart_001048.jpg
WikiArt,all,1049,Impressionism,2026,1382,data/wikiart/Impressionism/wikiart_001049.jpg
WikiArt,all,1050,Impressionism,1670,1382,data/wikiart/Impressionism/wikiart_001050.jpg
WikiArt,all,1051,Impressionism,1382,1849,data/wikiart/Impressionism/wikiart_001051.jpg
WikiArt,all,1052,Realism,1382,2159,data/wikiart/Realism/wikiart_001052.jpg
WikiArt,all,1053,Realism,1382,2100,data/wikiart/Realism/wikiart_001053.jpg
WikiArt,all,1054,Realism,1629,1382,data/wikiart/Realism/wikiart_001054.jpg
WikiArt,all,1055,Realism,1692,1382,data/wikiart/Realism/wikiart_001055.jpg
WikiArt,all,1056,Realism,1382,1922,data/wikiart/Realism/wikiart_001056.jpg
WikiArt,all,1057,Realism,1852,1382,data/wikiart/Realism/wikiart_001057.jpg
WikiArt,all,1058,Symbolism,1960,1382,data/wikiart/Symbolism/wikiart_001058.jpg
WikiArt,all,1059,Post_Impressionism,1382,1681,data/wikiart/Post_Impressionism/wikiart_001059.jpg
WikiArt,all,1060,Expressionism,1382,1632,data/wikiart/Expressionism/wikiart_001060.jpg
WikiArt,all,1061,Impressionism,1677,1382,data/wikiart/Impressionism/wikiart_001061.jpg
WikiArt,all,1062,Impressionism,1871,1382,data/wikiart/Impressionism/wikiart_001062.jpg
WikiArt,all,1063,Art_Nouveau,1382,2106,data/wikiart/Art_Nouveau/wikiart_001063.jpg
WikiArt,all,1064,Realism,1382,2239,data/wikiart/Realism/wikiart_001064.jpg
WikiArt,all,1065,Art_Nouveau,1893,1382,data/wikiart/Art_Nouveau/wikiart_001065.jpg
WikiArt,all,1066,Post_Impressionism,1382,2296,data/wikiart/Post_Impressionism/wikiart_001066.jpg
WikiArt,all,1067,Post_Impressionism,1867,1382,data/wikiart/Post_Impressionism/wikiart_001067.jpg
WikiArt,all,1068,Symbolism,2329,1382,data/wikiart/Symbolism/wikiart_001068.jpg
WikiArt,all,1069,Post_Impressionism,1681,1382,data/wikiart/Post_Impressionism/wikiart_001069.jpg
WikiArt,all,1070,Art_Nouveau,1382,1771,data/wikiart/Art_Nouveau/wikiart_001070.jpg
WikiArt,all,1071,Post_Impressionism,1562,1382,data/wikiart/Post_Impressionism/wikiart_001071.jpg
WikiArt,all,1072,Northern_Renaissance,1382,1395,data/wikiart/Northern_Renaissance/wikiart_001072.jpg
WikiArt,all,1073,Romanticism,1382,1780,data/wikiart/Romanticism/wikiart_001073.jpg
WikiArt,all,1074,Cubism,1382,2138,data/wikiart/Cubism/wikiart_001074.jpg
WikiArt,all,1075,Impressionism,1703,1382,data/wikiart/Impressionism/wikiart_001075.jpg
WikiArt,all,1076,Symbolism,2311,1382,data/wikiart/Symbolism/wikiart_001076.jpg
WikiArt,all,1077,Realism,1382,2036,data/wikiart/Realism/wikiart_001077.jpg
WikiArt,all,1078,Realism,1727,1382,data/wikiart/Realism/wikiart_001078.jpg
WikiArt,all,1079,Symbolism,2279,1382,data/wikiart/Symbolism/wikiart_001079.jpg
WikiArt,all,1080,Expressionism,1382,1474,data/wikiart/Expressionism/wikiart_001080.jpg
WikiArt,all,1081,Art_Nouveau,1906,1382,data/wikiart/Art_Nouveau/wikiart_001081.jpg
WikiArt,all,1082,Impressionism,1508,1382,data/wikiart/Impressionism/wikiart_001082.jpg
WikiArt,all,1083,Realism,1691,1382,data/wikiart/Realism/wikiart_001083.jpg
WikiArt,all,1084,Impressionism,1418,1382,data/wikiart/Impressionism/wikiart_001084.jpg
WikiArt,all,1085,Baroque,1382,1694,data/wikiart/Baroque/wikiart_001085.jpg
WikiArt,all,1086,Impressionism,1727,1382,data/wikiart/Impressionism/wikiart_001086.jpg
WikiArt,all,1087,Naive_Art_Primitivism,1382,1721,data/wikiart/Naive_Art_Primitivism/wikiart_001087.jpg
WikiArt,all,1088,Pointillism,1998,1382,data/wikiart/Pointillism/wikiart_001088.jpg
WikiArt,all,1089,Art_Nouveau,1885,1382,data/wikiart/Art_Nouveau/wikiart_001089.jpg
WikiArt,all,1090,Impressionism,2247,1382,data/wikiart/Impressionism/wikiart_001090.jpg
WikiArt,all,1091,Cubism,1382,1823,data/wikiart/Cubism/wikiart_001091.jpg
WikiArt,all,1092,Northern_Renaissance,4012,1382,data/wikiart/Northern_Renaissance/wikiart_001092.jpg
WikiArt,all,1093,Realism,1382,1855,data/wikiart/Realism/wikiart_001093.jpg
WikiArt,all,1094,Post_Impressionism,1382,1889,data/wikiart/Post_Impressionism/wikiart_001094.jpg
WikiArt,all,1095,Symbolism,2138,1382,data/wikiart/Symbolism/wikiart_001095.jpg
WikiArt,all,1096,Romanticism,1382,1832,data/wikiart/Romanticism/wikiart_001096.jpg
WikiArt,all,1097,Realism,1388,1382,data/wikiart/Realism/wikiart_001097.jpg
WikiArt,all,1098,Realism,1382,1766,data/wikiart/Realism/wikiart_001098.jpg
WikiArt,all,1099,Cubism,1676,1382,data/wikiart/Cubism/wikiart_001099.jpg
WikiArt,all,1100,Post_Impressionism,1382,1740,data/wikiart/Post_Impressionism/wikiart_001100.jpg
WikiArt,all,1101,Art_Nouveau,3370,1382,data/wikiart/Art_Nouveau/wikiart_001101.jpg
WikiArt,all,1102,Post_Impressionism,1673,1382,data/wikiart/Post_Impressionism/wikiart_001102.jpg
WikiArt,all,1103,Impressionism,2355,1382,data/wikiart/Impressionism/wikiart_001103.jpg
WikiArt,all,1104,Symbolism,2134,1382,data/wikiart/Symbolism/wikiart_001104.jpg
WikiArt,all,1105,Romanticism,1869,1382,data/wikiart/Romanticism/wikiart_001105.jpg
WikiArt,all,1106,Expressionism,1382,1717,data/wikiart/Expressionism/wikiart_001106.jpg
WikiArt,all,1107,Post_Impressionism,1753,1382,data/wikiart/Post_Impressionism/wikiart_001107.jpg
WikiArt,all,1108,Impressionism,2306,1382,data/wikiart/Impressionism/wikiart_001108.jpg
WikiArt,all,1109,Realism,1382,1938,data/wikiart/Realism/wikiart_001109.jpg
WikiArt,all,1110,Post_Impressionism,1727,1382,data/wikiart/Post_Impressionism/wikiart_001110.jpg
WikiArt,all,1111,Realism,1382,1857,data/wikiart/Realism/wikiart_001111.jpg
WikiArt,all,1112,Impressionism,1885,1382,data/wikiart/Impressionism/wikiart_001112.jpg
WikiArt,all,1113,Symbolism,2360,1382,data/wikiart/Symbolism/wikiart_001113.jpg
WikiArt,all,1114,Impressionism,1711,1382,data/wikiart/Impressionism/wikiart_001114.jpg
WikiArt,all,1115,Impressionism,1382,2047,data/wikiart/Impressionism/wikiart_001115.jpg
WikiArt,all,1116,Impressionism,1714,1382,data/wikiart/Impressionism/wikiart_001116.jpg
WikiArt,all,1117,Romanticism,1734,1382,data/wikiart/Romanticism/wikiart_001117.jpg
WikiArt,all,1118,Romanticism,1382,1779,data/wikiart/Romanticism/wikiart_001118.jpg
WikiArt,all,1119,Expressionism,1382,3850,data/wikiart/Expressionism/wikiart_001119.jpg
WikiArt,all,1120,Northern_Renaissance,1382,1968,data/wikiart/Northern_Renaissance/wikiart_001120.jpg
WikiArt,all,1121,Romanticism,2239,1382,data/wikiart/Romanticism/wikiart_001121.jpg
WikiArt,all,1122,Post_Impressionism,2653,1382,data/wikiart/Post_Impressionism/wikiart_001122.jpg
WikiArt,all,1123,Art_Nouveau,1382,2152,data/wikiart/Art_Nouveau/wikiart_001123.jpg
WikiArt,all,1124,Impressionism,1382,1669,data/wikiart/Impressionism/wikiart_001124.jpg
WikiArt,all,1125,Realism,1382,1847,data/wikiart/Realism/wikiart_001125.jpg
WikiArt,all,1126,Art_Nouveau,1799,1382,data/wikiart/Art_Nouveau/wikiart_001126.jpg
WikiArt,all,1127,Impressionism,1746,1382,data/wikiart/Impressionism/wikiart_001127.jpg
WikiArt,all,1128,Cubism,1382,2237,data/wikiart/Cubism/wikiart_001128.jpg
WikiArt,all,1129,Impressionism,1689,1382,data/wikiart/Impressionism/wikiart_001129.jpg
WikiArt,all,1130,Realism,1382,1749,data/wikiart/Realism/wikiart_001130.jpg
WikiArt,all,1131,Impressionism,1382,2030,data/wikiart/Impressionism/wikiart_001131.jpg
WikiArt,all,1132,Art_Nouveau,1382,2147,data/wikiart/Art_Nouveau/wikiart_001132.jpg
WikiArt,all,1133,Post_Impressionism,1382,1844,data/wikiart/Post_Impressionism/wikiart_001133.jpg
WikiArt,all,1134,Post_Impressionism,1894,1382,data/wikiart/Post_Impressionism/wikiart_001134.jpg
WikiArt,all,1135,Realism,1382,2126,data/wikiart/Realism/wikiart_001135.jpg
WikiArt,all,1136,Impressionism,1923,1382,data/wikiart/Impressionism/wikiart_001136.jpg
WikiArt,all,1137,Romanticism,1382,1730,data/wikiart/Romanticism/wikiart_001137.jpg
WikiArt,all,1138,Symbolism,2112,1382,data/wikiart/Symbolism/wikiart_001138.jpg
WikiArt,all,1139,Impressionism,1382,2382,data/wikiart/Impressionism/wikiart_001139.jpg
WikiArt,all,1140,Impressionism,1810,1382,data/wikiart/Impressionism/wikiart_001140.jpg
WikiArt,all,1141,Baroque,1382,1836,data/wikiart/Baroque/wikiart_001141.jpg
WikiArt,all,1142,Art_Nouveau,1382,2105,data/wikiart/Art_Nouveau/wikiart_001142.jpg
WikiArt,all,1143,Impressionism,1812,1381,data/wikiart/Impressionism/wikiart_001143.jpg
WikiArt,all,1144,Art_Nouveau,1382,1788,data/wikiart/Art_Nouveau/wikiart_001144.jpg
WikiArt,all,1145,Art_Nouveau,1967,1382,data/wikiart/Art_Nouveau/wikiart_001145.jpg
WikiArt,all,1146,Art_Nouveau,1382,1954,data/wikiart/Art_Nouveau/wikiart_001146.jpg
WikiArt,all,1147,Realism,1935,1382,data/wikiart/Realism/wikiart_001147.jpg
WikiArt,all,1148,Pointillism,1842,1382,data/wikiart/Pointillism/wikiart_001148.jpg
WikiArt,all,1149,Impressionism,1853,1382,data/wikiart/Impressionism/wikiart_001149.jpg
WikiArt,all,1150,Art_Nouveau,2008,1381,data/wikiart/Art_Nouveau/wikiart_001150.jpg
WikiArt,all,1151,Impressionism,1382,1983,data/wikiart/Impressionism/wikiart_001151.jpg
WikiArt,all,1152,Post_Impressionism,1382,1750,data/wikiart/Post_Impressionism/wikiart_001152.jpg
WikiArt,all,1153,Realism,1382,1589,data/wikiart/Realism/wikiart_001153.jpg
WikiArt,all,1154,Northern_Renaissance,1382,2207,data/wikiart/Northern_Renaissance/wikiart_001154.jpg
WikiArt,all,1155,Expressionism,1382,1458,data/wikiart/Expressionism/wikiart_001155.jpg
WikiArt,all,1156,Impressionism,1382,1552,data/wikiart/Impressionism/wikiart_001156.jpg
WikiArt,all,1157,Post_Impressionism,1863,1382,data/wikiart/Post_Impressionism/wikiart_001157.jpg
WikiArt,all,1158,Post_Impressionism,1382,1562,data/wikiart/Post_Impressionism/wikiart_001158.jpg
WikiArt,all,1159,Art_Nouveau,1382,2079,data/wikiart/Art_Nouveau/wikiart_001159.jpg
WikiArt,all,1160,Impressionism,1835,1382,data/wikiart/Impressionism/wikiart_001160.jpg
WikiArt,all,1161,Post_Impressionism,1382,1919,data/wikiart/Post_Impressionism/wikiart_001161.jpg
WikiArt,all,1162,Impressionism,1681,1382,data/wikiart/Impressionism/wikiart_001162.jpg
WikiArt,all,1163,Impressionism,1382,1771,data/wikiart/Impressionism/wikiart_001163.jpg
WikiArt,all,1164,Impressionism,1382,1739,data/wikiart/Impressionism/wikiart_001164.jpg
WikiArt,all,1165,Northern_Renaissance,1382,1792,data/wikiart/Northern_Renaissance/wikiart_001165.jpg
WikiArt,all,1166,Impressionism,1974,1382,data/wikiart/Impressionism/wikiart_001166.jpg
WikiArt,all,1167,Realism,2742,1382,data/wikiart/Realism/wikiart_001167.jpg
WikiArt,all,1168,Symbolism,2066,1382,data/wikiart/Symbolism/wikiart_001168.jpg
WikiArt,all,1169,Realism,1963,1382,data/wikiart/Realism/wikiart_001169.jpg
WikiArt,all,1170,Northern_Renaissance,1382,1799,data/wikiart/Northern_Renaissance/wikiart_001170.jpg
WikiArt,all,1171,Impressionism,1382,1823,data/wikiart/Impressionism/wikiart_001171.jpg
WikiArt,all,1172,Realism,1382,1468,data/wikiart/Realism/wikiart_001172.jpg
WikiArt,all,1173,Expressionism,1999,1381,data/wikiart/Expressionism/wikiart_001173.jpg
WikiArt,all,1174,Impressionism,2115,1382,data/wikiart/Impressionism/wikiart_001174.jpg
WikiArt,all,1175,Northern_Renaissance,1382,2243,data/wikiart/Northern_Renaissance/wikiart_001175.jpg
WikiArt,all,1176,Impressionism,1783,1382,data/wikiart/Impressionism/wikiart_001176.jpg
WikiArt,all,1177,Realism,1382,1653,data/wikiart/Realism/wikiart_001177.jpg
WikiArt,all,1178,Romanticism,1382,1643,data/wikiart/Romanticism/wikiart_001178.jpg
WikiArt,all,1179,Romanticism,2156,1382,data/wikiart/Romanticism/wikiart_001179.jpg
WikiArt,all,1180,Post_Impressionism,1382,1619,data/wikiart/Post_Impressionism/wikiart_001180.jpg
WikiArt,all,1181,Baroque,1382,2006,data/wikiart/Baroque/wikiart_001181.jpg
WikiArt,all,1182,Impressionism,1654,1382,data/wikiart/Impressionism/wikiart_001182.jpg
WikiArt,all,1183,Northern_Renaissance,1382,1784,data/wikiart/Northern_Renaissance/wikiart_001183.jpg
WikiArt,all,1184,Impressionism,1624,1382,data/wikiart/Impressionism/wikiart_001184.jpg
WikiArt,all,1185,Northern_Renaissance,1382,2230,data/wikiart/Northern_Renaissance/wikiart_001185.jpg
WikiArt,all,1186,Art_Nouveau,1943,1382,data/wikiart/Art_Nouveau/wikiart_001186.jpg
WikiArt,all,1187,Art_Nouveau,1382,2205,data/wikiart/Art_Nouveau/wikiart_001187.jpg
WikiArt,all,1188,Romanticism,1382,1832,data/wikiart/Romanticism/wikiart_001188.jpg
WikiArt,all,1189,Romanticism,1971,1382,data/wikiart/Romanticism/wikiart_001189.jpg
WikiArt,all,1190,Symbolism,1382,2203,data/wikiart/Symbolism/wikiart_001190.jpg
WikiArt,all,1191,Impressionism,1382,1845,data/wikiart/Impressionism/wikiart_001191.jpg
WikiArt,all,1192,Post_Impressionism,1382,1713,data/wikiart/Post_Impressionism/wikiart_001192.jpg
WikiArt,all,1193,Impressionism,1658,1382,data/wikiart/Impressionism/wikiart_001193.jpg
WikiArt,all,1194,Impressionism,1686,1382,data/wikiart/Impressionism/wikiart_001194.jpg
WikiArt,all,1195,Post_Impressionism,1382,1905,data/wikiart/Post_Impressionism/wikiart_001195.jpg
WikiArt,all,1196,Northern_Renaissance,1382,1911,data/wikiart/Northern_Renaissance/wikiart_001196.jpg
WikiArt,all,1197,Baroque,1382,1698,data/wikiart/Baroque/wikiart_001197.jpg
WikiArt,all,1198,Post_Impressionism,1762,1382,data/wikiart/Post_Impressionism/wikiart_001198.jpg
WikiArt,all,1199,Realism,1675,1382,data/wikiart/Realism/wikiart_001199.jpg
WikiArt,all,1200,Post_Impressionism,1635,1382,data/wikiart/Post_Impressionism/wikiart_001200.jpg
WikiArt,all,1201,Impressionism,1382,1870,data/wikiart/Impressionism/wikiart_001201.jpg
WikiArt,all,1202,Impressionism,1382,2148,data/wikiart/Impressionism/wikiart_001202.jpg
WikiArt,all,1203,Post_Impressionism,1382,1707,data/wikiart/Post_Impressionism/wikiart_001203.jpg
WikiArt,all,1204,Realism,1382,1645,data/wikiart/Realism/wikiart_001204.jpg
WikiArt,all,1205,Impressionism,1965,1382,data/wikiart/Impressionism/wikiart_001205.jpg
WikiArt,all,1206,Impressionism,1382,1565,data/wikiart/Impressionism/wikiart_001206.jpg
WikiArt,all,1207,Realism,1930,1382,data/wikiart/Realism/wikiart_001207.jpg
WikiArt,all,1208,Cubism,1585,1382,data/wikiart/Cubism/wikiart_001208.jpg
WikiArt,all,1209,Art_Nouveau,1382,2637,data/wikiart/Art_Nouveau/wikiart_001209.jpg
WikiArt,all,1210,Impressionism,2162,1382,data/wikiart/Impressionism/wikiart_001210.jpg
WikiArt,all,1211,Expressionism,1899,1382,data/wikiart/Expressionism/wikiart_001211.jpg
WikiArt,all,1212,Cubism,1407,1382,data/wikiart/Cubism/wikiart_001212.jpg
WikiArt,all,1213,Art_Nouveau,1382,2067,data/wikiart/Art_Nouveau/wikiart_001213.jpg
WikiArt,all,1214,Impressionism,1674,1382,data/wikiart/Impressionism/wikiart_001214.jpg
WikiArt,all,1215,Post_Impressionism,1935,1382,data/wikiart/Post_Impressionism/wikiart_001215.jpg
WikiArt,all,1216,Baroque,1382,2294,data/wikiart/Baroque/wikiart_001216.jpg
WikiArt,all,1217,Impressionism,1681,1382,data/wikiart/Impressionism/wikiart_001217.jpg
WikiArt,all,1218,Impressionism,1869,1382,data/wikiart/Impressionism/wikiart_001218.jpg
WikiArt,all,1219,Northern_Renaissance,1382,1899,data/wikiart/Northern_Renaissance/wikiart_001219.jpg
WikiArt,all,1220,Baroque,1382,1812,data/wikiart/Baroque/wikiart_001220.jpg
WikiArt,all,1221,Impressionism,1382,1935,data/wikiart/Impressionism/wikiart_001221.jpg
WikiArt,all,1222,Symbolism,2073,1382,data/wikiart/Symbolism/wikiart_001222.jpg
WikiArt,all,1223,Romanticism,1914,1382,data/wikiart/Romanticism/wikiart_001223.jpg
WikiArt,all,1224,Impressionism,1668,1382,data/wikiart/Impressionism/wikiart_001224.jpg
WikiArt,all,1225,Impressionism,2176,1382,data/wikiart/Impressionism/wikiart_001225.jpg
WikiArt,all,1226,Impressionism,1382,1777,data/wikiart/Impressionism/wikiart_001226.jpg
WikiArt,all,1227,Realism,2047,1382,data/wikiart/Realism/wikiart_001227.jpg
WikiArt,all,1228,Post_Impressionism,1690,1382,data/wikiart/Post_Impressionism/wikiart_001228.jpg
WikiArt,all,1229,Northern_Renaissance,1906,1382,data/wikiart/Northern_Renaissance/wikiart_001229.jpg
WikiArt,all,1230,Realism,1382,1882,data/wikiart/Realism/wikiart_001230.jpg
WikiArt,all,1231,Post_Impressionism,1382,1859,data/wikiart/Post_Impressionism/wikiart_001231.jpg
WikiArt,all,1232,Symbolism,2211,1382,data/wikiart/Symbolism/wikiart_001232.jpg
WikiArt,all,1233,Impressionism,1612,1382,data/wikiart/Impressionism/wikiart_001233.jpg
WikiArt,all,1234,Realism,2370,1381,data/wikiart/Realism/wikiart_001234.jpg
WikiArt,all,1235,Naive_Art_Primitivism,1382,1434,data/wikiart/Naive_Art_Primitivism/wikiart_001235.jpg
WikiArt,all,1236,Impressionism,1845,1382,data/wikiart/Impressionism/wikiart_001236.jpg
WikiArt,all,1237,Realism,1382,2117,data/wikiart/Realism/wikiart_001237.jpg
WikiArt,all,1238,Impressionism,1382,1693,data/wikiart/Impressionism/wikiart_001238.jpg
WikiArt,all,1239,Impressionism,2767,1382,data/wikiart/Impressionism/wikiart_001239.jpg
WikiArt,all,1240,Realism,1382,1704,data/wikiart/Realism/wikiart_001240.jpg
WikiArt,all,1241,Realism,1629,1382,data/wikiart/Realism/wikiart_001241.jpg
WikiArt,all,1242,Symbolism,1382,1597,data/wikiart/Symbolism/wikiart_001242.jpg
WikiArt,all,1243,Impressionism,1957,1382,data/wikiart/Impressionism/wikiart_001243.jpg
WikiArt,all,1244,Impressionism,1382,1857,data/wikiart/Impressionism/wikiart_001244.jpg
WikiArt,all,1245,Impressionism,1786,1382,data/wikiart/Impressionism/wikiart_001245.jpg
WikiArt,all,1246,Impressionism,2035,1382,data/wikiart/Impressionism/wikiart_001246.jpg
WikiArt,all,1247,Realism,1382,1865,data/wikiart/Realism/wikiart_001247.jpg
WikiArt,all,1248,Northern_Renaissance,1382,2219,data/wikiart/Northern_Renaissance/wikiart_001248.jpg
WikiArt,all,1249,Northern_Renaissance,1382,2229,data/wikiart/Northern_Renaissance/wikiart_001249.jpg
WikiArt,all,1250,Romanticism,1706,1382,data/wikiart/Romanticism/wikiart_001250.jpg
WikiArt,all,1251,Symbolism,1904,1382,data/wikiart/Symbolism/wikiart_001251.jpg
WikiArt,all,1252,Realism,1382,1842,data/wikiart/Realism/wikiart_001252.jpg
WikiArt,all,1253,Impressionism,3053,1382,data/wikiart/Impressionism/wikiart_001253.jpg
WikiArt,all,1254,Impressionism,2015,1382,data/wikiart/Impressionism/wikiart_001254.jpg
WikiArt,all,1255,Realism,2199,1382,data/wikiart/Realism/wikiart_001255.jpg
WikiArt,all,1256,Symbolism,2391,1382,data/wikiart/Symbolism/wikiart_001256.jpg
WikiArt,all,1257,Realism,1382,1837,data/wikiart/Realism/wikiart_001257.jpg
WikiArt,all,1258,Impressionism,2498,1382,data/wikiart/Impressionism/wikiart_001258.jpg
WikiArt,all,1259,Naive_Art_Primitivism,1382,1822,data/wikiart/Naive_Art_Primitivism/wikiart_001259.jpg
WikiArt,all,1260,Art_Nouveau,1382,1837,data/wikiart/Art_Nouveau/wikiart_001260.jpg
WikiArt,all,1261,Art_Nouveau,1382,1944,data/wikiart/Art_Nouveau/wikiart_001261.jpg
WikiArt,all,1262,Impressionism,1382,1746,data/wikiart/Impressionism/wikiart_001262.jpg
WikiArt,all,1263,Post_Impressionism,1933,1382,data/wikiart/Post_Impressionism/wikiart_001263.jpg
WikiArt,all,1264,Naive_Art_Primitivism,1382,1682,data/wikiart/Naive_Art_Primitivism/wikiart_001264.jpg
WikiArt,all,1265,Symbolism,1722,1382,data/wikiart/Symbolism/wikiart_001265.jpg
WikiArt,all,1266,Romanticism,1514,1382,data/wikiart/Romanticism/wikiart_001266.jpg
WikiArt,all,1267,Realism,1382,1727,data/wikiart/Realism/wikiart_001267.jpg
WikiArt,all,1268,Impressionism,2367,1382,data/wikiart/Impressionism/wikiart_001268.jpg
WikiArt,all,1269,Romanticism,1381,1793,data/wikiart/Romanticism/wikiart_001269.jpg
WikiArt,all,1270,Post_Impressionism,1653,1382,data/wikiart/Post_Impressionism/wikiart_001270.jpg
WikiArt,all,1271,Impressionism,1910,1382,data/wikiart/Impressionism/wikiart_001271.jpg
WikiArt,all,1272,Impressionism,1790,1382,data/wikiart/Impressionism/wikiart_001272.jpg
WikiArt,all,1273,Impressionism,1382,2047,data/wikiart/Impressionism/wikiart_001273.jpg
WikiArt,all,1274,Impressionism,2040,1382,data/wikiart/Impressionism/wikiart_001274.jpg
WikiArt,all,1275,Romanticism,1382,1877,data/wikiart/Romanticism/wikiart_001275.jpg
WikiArt,all,1276,Baroque,1382,1589,data/wikiart/Baroque/wikiart_001276.jpg
WikiArt,all,1277,Realism,1382,1524,data/wikiart/Realism/wikiart_001277.jpg
WikiArt,all,1278,Symbolism,2066,1382,data/wikiart/Symbolism/wikiart_001278.jpg
WikiArt,all,1279,Baroque,1382,1691,data/wikiart/Baroque/wikiart_001279.jpg
WikiArt,all,1280,Impressionism,2136,1382,data/wikiart/Impressionism/wikiart_001280.jpg
WikiArt,all,1281,Realism,1382,1552,data/wikiart/Realism/wikiart_001281.jpg
WikiArt,all,1282,Impressionism,1382,1414,data/wikiart/Impressionism/wikiart_001282.jpg
WikiArt,all,1283,Realism,1382,1731,data/wikiart/Realism/wikiart_001283.jpg
WikiArt,all,1284,Post_Impressionism,1382,1921,data/wikiart/Post_Impressionism/wikiart_001284.jpg
WikiArt,all,1285,Impressionism,2068,1382,data/wikiart/Impressionism/wikiart_001285.jpg
WikiArt,all,1286,Realism,2050,1382,data/wikiart/Realism/wikiart_001286.jpg
WikiArt,all,1287,Impressionism,2157,1382,data/wikiart/Impressionism/wikiart_001287.jpg
WikiArt,all,1288,Baroque,1908,1382,data/wikiart/Baroque/wikiart_001288.jpg
WikiArt,all,1289,Impressionism,1382,1749,data/wikiart/Impressionism/wikiart_001289.jpg
WikiArt,all,1290,Realism,1382,2978,data/wikiart/Realism/wikiart_001290.jpg
WikiArt,all,1291,Realism,1845,1382,data/wikiart/Realism/wikiart_001291.jpg
WikiArt,all,1292,Art_Nouveau,1382,2087,data/wikiart/Art_Nouveau/wikiart_001292.jpg
WikiArt,all,1293,Realism,2307,1382,data/wikiart/Realism/wikiart_001293.jpg
WikiArt,all,1294,Baroque,1848,1382,data/wikiart/Baroque/wikiart_001294.jpg
WikiArt,all,1295,Impressionism,1382,2179,data/wikiart/Impressionism/wikiart_001295.jpg
WikiArt,all,1296,Impressionism,1382,1812,data/wikiart/Impressionism/wikiart_001296.jpg
WikiArt,all,1297,Impressionism,1382,1884,data/wikiart/Impressionism/wikiart_001297.jpg
WikiArt,all,1298,Impressionism,1867,1382,data/wikiart/Impressionism/wikiart_001298.jpg
WikiArt,all,1299,Baroque,1833,1382,data/wikiart/Baroque/wikiart_001299.jpg
WikiArt,all,1300,Northern_Renaissance,1382,2121,data/wikiart/Northern_Renaissance/wikiart_001300.jpg
WikiArt,all,1301,Symbolism,2100,1382,data/wikiart/Symbolism/wikiart_001301.jpg
WikiArt,all,1302,Art_Nouveau,1382,2166,data/wikiart/Art_Nouveau/wikiart_001302.jpg
WikiArt,all,1303,Symbolism,1382,2189,data/wikiart/Symbolism/wikiart_001303.jpg
WikiArt,all,1304,Impressionism,1382,1799,data/wikiart/Impressionism/wikiart_001304.jpg
WikiArt,all,1305,Art_Nouveau,2153,1382,data/wikiart/Art_Nouveau/wikiart_001305.jpg
WikiArt,all,1306,Northern_Renaissance,1874,1382,data/wikiart/Northern_Renaissance/wikiart_001306.jpg
WikiArt,all,1307,Post_Impressionism,1382,1869,data/wikiart/Post_Impressionism/wikiart_001307.jpg
WikiArt,all,1308,Expressionism,1382,2016,data/wikiart/Expressionism/wikiart_001308.jpg
WikiArt,all,1309,Baroque,1382,1744,data/wikiart/Baroque/wikiart_001309.jpg
WikiArt,all,1310,Northern_Renaissance,1382,1944,data/wikiart/Northern_Renaissance/wikiart_001310.jpg
WikiArt,all,1311,Symbolism,2079,1382,data/wikiart/Symbolism/wikiart_001311.jpg
WikiArt,all,1312,Northern_Renaissance,1382,2711,data/wikiart/Northern_Renaissance/wikiart_001312.jpg
WikiArt,all,1313,Naive_Art_Primitivism,1744,1382,data/wikiart/Naive_Art_Primitivism/wikiart_001313.jpg
WikiArt,all,1314,Cubism,1382,1637,data/wikiart/Cubism/wikiart_001314.jpg
WikiArt,all,1315,Expressionism,1423,1382,data/wikiart/Expressionism/wikiart_001315.jpg
WikiArt,all,1316,Post_Impressionism,1382,1776,data/wikiart/Post_Impressionism/wikiart_001316.jpg
WikiArt,all,1317,Naive_Art_Primitivism,1382,1744,data/wikiart/Naive_Art_Primitivism/wikiart_001317.jpg
WikiArt,all,1318,Symbolism,1382,1997,data/wikiart/Symbolism/wikiart_001318.jpg
WikiArt,all,1319,Realism,1382,1935,data/wikiart/Realism/wikiart_001319.jpg
WikiArt,all,1320,Naive_Art_Primitivism,1842,1382,data/wikiart/Naive_Art_Primitivism/wikiart_001320.jpg
WikiArt,all,1321,Symbolism,2093,1382,data/wikiart/Symbolism/wikiart_001321.jpg
WikiArt,all,1322,Realism,1382,1811,data/wikiart/Realism/wikiart_001322.jpg
WikiArt,all,1323,Impressionism,1382,1761,data/wikiart/Impressionism/wikiart_001323.jpg
WikiArt,all,1324,Realism,1382,2214,data/wikiart/Realism/wikiart_001324.jpg
WikiArt,all,1325,Naive_Art_Primitivism,1382,1658,data/wikiart/Naive_Art_Primitivism/wikiart_001325.jpg
WikiArt,all,1326,Naive_Art_Primitivism,1381,1886,data/wikiart/Naive_Art_Primitivism/wikiart_001326.jpg
WikiArt,all,1327,Northern_Renaissance,1959,1382,data/wikiart/Northern_Renaissance/wikiart_001327.jpg
WikiArt,all,1328,Romanticism,1382,1443,data/wikiart/Romanticism/wikiart_001328.jpg
WikiArt,all,1329,Realism,1382,1908,data/wikiart/Realism/wikiart_001329.jpg
WikiArt,all,1330,Expressionism,2178,1382,data/wikiart/Expressionism/wikiart_001330.jpg
WikiArt,all,1331,Realism,1382,1695,data/wikiart/Realism/wikiart_001331.jpg
WikiArt,all,1332,Realism,1382,1777,data/wikiart/Realism/wikiart_001332.jpg
WikiArt,all,1333,Impressionism,1878,1382,data/wikiart/Impressionism/wikiart_001333.jpg
WikiArt,all,1334,Expressionism,1970,1382,data/wikiart/Expressionism/wikiart_001334.jpg
WikiArt,all,1335,Post_Impressionism,1382,1787,data/wikiart/Post_Impressionism/wikiart_001335.jpg
WikiArt,all,1336,Realism,2087,1381,data/wikiart/Realism/wikiart_001336.jpg
WikiArt,all,1337,Realism,1830,1382,data/wikiart/Realism/wikiart_001337.jpg
WikiArt,all,1338,Romanticism,1382,1791,data/wikiart/Romanticism/wikiart_001338.jpg
WikiArt,all,1339,Post_Impressionism,1382,2450,data/wikiart/Post_Impressionism/wikiart_001339.jpg
WikiArt,all,1340,Impressionism,1687,1382,data/wikiart/Impressionism/wikiart_001340.jpg
WikiArt,all,1341,Symbolism,2308,1382,data/wikiart/Symbolism/wikiart_001341.jpg
WikiArt,all,1342,Symbolism,2311,1382,data/wikiart/Symbolism/wikiart_001342.jpg
WikiArt,all,1343,Impressionism,1685,1382,data/wikiart/Impressionism/wikiart_001343.jpg
WikiArt,all,1344,Northern_Renaissance,1382,1921,data/wikiart/Northern_Renaissance/wikiart_001344.jpg
WikiArt,all,1345,Expressionism,1382,1679,data/wikiart/Expressionism/wikiart_001345.jpg
WikiArt,all,1346,Naive_Art_Primitivism,1382,1991,data/wikiart/Naive_Art_Primitivism/wikiart_001346.jpg
WikiArt,all,1347,Impressionism,1555,1382,data/wikiart/Impressionism/wikiart_001347.jpg
WikiArt,all,1348,Realism,2005,1382,data/wikiart/Realism/wikiart_001348.jpg
WikiArt,all,1349,Expressionism,1382,1859,data/wikiart/Expressionism/wikiart_001349.jpg
WikiArt,all,1350,Post_Impressionism,1382,1901,data/wikiart/Post_Impressionism/wikiart_001350.jpg
WikiArt,all,1351,Realism,1382,1827,data/wikiart/Realism/wikiart_001351.jpg
WikiArt,all,1352,Impressionism,2159,1382,data/wikiart/Impressionism/wikiart_001352.jpg
WikiArt,all,1353,Impressionism,1382,1651,data/wikiart/Impressionism/wikiart_001353.jpg
WikiArt,all,1354,Post_Impressionism,1813,1382,data/wikiart/Post_Impressionism/wikiart_001354.jpg
WikiArt,all,1355,Realism,2433,1382,data/wikiart/Realism/wikiart_001355.jpg
WikiArt,all,1356,Post_Impressionism,1382,1801,data/wikiart/Post_Impressionism/wikiart_001356.jpg
WikiArt,all,1357,Impressionism,1625,1381,data/wikiart/Impressionism/wikiart_001357.jpg
WikiArt,all,1358,Symbolism,2203,1382,data/wikiart/Symbolism/wikiart_001358.jpg
WikiArt,all,1359,Impressionism,2520,1382,data/wikiart/Impressionism/wikiart_001359.jpg
WikiArt,all,1360,Realism,2167,1382,data/wikiart/Realism/wikiart_001360.jpg
WikiArt,all,1361,Realism,1382,1979,data/wikiart/Realism/wikiart_001361.jpg
WikiArt,all,1362,Impressionism,1382,1387,data/wikiart/Impressionism/wikiart_001362.jpg
WikiArt,all,1363,Expressionism,1382,1592,data/wikiart/Expressionism/wikiart_001363.jpg
WikiArt,all,1364,Baroque,1382,1726,data/wikiart/Baroque/wikiart_001364.jpg
WikiArt,all,1365,Art_Nouveau,1382,2113,data/wikiart/Art_Nouveau/wikiart_001365.jpg
WikiArt,all,1366,Realism,1382,1681,data/wikiart/Realism/wikiart_001366.jpg
WikiArt,all,1367,Impressionism,1726,1382,data/wikiart/Impressionism/wikiart_001367.jpg
WikiArt,all,1368,Romanticism,1767,1382,data/wikiart/Romanticism/wikiart_001368.jpg
WikiArt,all,1369,Symbolism,2236,1382,data/wikiart/Symbolism/wikiart_001369.jpg
WikiArt,all,1370,Naive_Art_Primitivism,1382,1722,data/wikiart/Naive_Art_Primitivism/wikiart_001370.jpg
WikiArt,all,1371,Realism,1382,1490,data/wikiart/Realism/wikiart_001371.jpg
WikiArt,all,1372,Expressionism,2020,1382,data/wikiart/Expressionism/wikiart_001372.jpg
WikiArt,all,1373,Impressionism,1382,1697,data/wikiart/Impressionism/wikiart_001373.jpg
WikiArt,all,1374,Realism,2017,1382,data/wikiart/Realism/wikiart_001374.jpg
WikiArt,all,1375,Impressionism,1382,1794,data/wikiart/Impressionism/wikiart_001375.jpg
WikiArt,all,1376,Realism,1881,1382,data/wikiart/Realism/wikiart_001376.jpg
WikiArt,all,1377,Post_Impressionism,1382,1704,data/wikiart/Post_Impressionism/wikiart_001377.jpg
WikiArt,all,1378,Art_Nouveau,1382,2130,data/wikiart/Art_Nouveau/wikiart_001378.jpg
WikiArt,all,1379,Fauvism,1382,1689,data/wikiart/Fauvism/wikiart_001379.jpg
WikiArt,all,1380,Cubism,1382,1776,data/wikiart/Cubism/wikiart_001380.jpg
WikiArt,all,1381,Art_Nouveau,2851,1382,data/wikiart/Art_Nouveau/wikiart_001381.jpg
WikiArt,all,1382,Impressionism,1382,1900,data/wikiart/Impressionism/wikiart_001382.jpg
WikiArt,all,1383,Northern_Renaissance,1382,1607,data/wikiart/Northern_Renaissance/wikiart_001383.jpg
WikiArt,all,1384,Naive_Art_Primitivism,1382,1852,data/wikiart/Naive_Art_Primitivism/wikiart_001384.jpg
WikiArt,all,1385,Impressionism,1382,1702,data/wikiart/Impressionism/wikiart_001385.jpg
WikiArt,all,1386,Post_Impressionism,1382,1900,data/wikiart/Post_Impressionism/wikiart_001386.jpg
WikiArt,all,1387,Art_Nouveau,1382,2226,data/wikiart/Art_Nouveau/wikiart_001387.jpg
WikiArt,all,1388,Post_Impressionism,1382,1873,data/wikiart/Post_Impressionism/wikiart_001388.jpg
WikiArt,all,1389,Symbolism,1963,1381,data/wikiart/Symbolism/wikiart_001389.jpg
WikiArt,all,1390,Realism,1461,1382,data/wikiart/Realism/wikiart_001390.jpg
WikiArt,all,1391,Expressionism,1382,1939,data/wikiart/Expressionism/wikiart_001391.jpg
WikiArt,all,1392,Cubism,1897,1382,data/wikiart/Cubism/wikiart_001392.jpg
WikiArt,all,1393,Naive_Art_Primitivism,1842,1382,data/wikiart/Naive_Art_Primitivism/wikiart_001393.jpg
WikiArt,all,1394,Realism,1599,1382,data/wikiart/Realism/wikiart_001394.jpg
WikiArt,all,1395,Impressionism,2006,1382,data/wikiart/Impressionism/wikiart_001395.jpg
WikiArt,all,1396,Symbolism,1986,1381,data/wikiart/Symbolism/wikiart_001396.jpg
WikiArt,all,1397,Realism,1382,1874,data/wikiart/Realism/wikiart_001397.jpg
WikiArt,all,1398,Impressionism,1382,1794,data/wikiart/Impressionism/wikiart_001398.jpg
WikiArt,all,1399,Realism,1382,1997,data/wikiart/Realism/wikiart_001399.jpg
WikiArt,all,1400,Expressionism,1381,2366,data/wikiart/Expressionism/wikiart_001400.jpg
WikiArt,all,1401,Art_Nouveau,1583,1382,data/wikiart/Art_Nouveau/wikiart_001401.jpg
WikiArt,all,1402,Realism,1641,1382,data/wikiart/Realism/wikiart_001402.jpg
WikiArt,all,1403,Art_Nouveau,1382,2114,data/wikiart/Art_Nouveau/wikiart_001403.jpg
WikiArt,all,1404,Romanticism,1382,1706,data/wikiart/Romanticism/wikiart_001404.jpg
WikiArt,all,1405,Impressionism,1543,1382,data/wikiart/Impressionism/wikiart_001405.jpg
WikiArt,all,1406,Post_Impressionism,1382,1811,data/wikiart/Post_Impressionism/wikiart_001406.jpg
WikiArt,all,1407,Post_Impressionism,1759,1382,data/wikiart/Post_Impressionism/wikiart_001407.jpg
WikiArt,all,1408,Post_Impressionism,2161,1381,data/wikiart/Post_Impressionism/wikiart_001408.jpg
WikiArt,all,1409,Realism,1865,1382,data/wikiart/Realism/wikiart_001409.jpg
WikiArt,all,1410,Art_Nouveau,1382,1398,data/wikiart/Art_Nouveau/wikiart_001410.jpg
WikiArt,all,1411,Naive_Art_Primitivism,1382,1757,data/wikiart/Naive_Art_Primitivism/wikiart_001411.jpg
WikiArt,all,1412,Impressionism,1382,1693,data/wikiart/Impressionism/wikiart_001412.jpg
WikiArt,all,1413,Expressionism,1382,1630,data/wikiart/Expressionism/wikiart_001413.jpg
WikiArt,all,1414,Symbolism,1900,1382,data/wikiart/Symbolism/wikiart_001414.jpg
WikiArt,all,1415,Cubism,1382,1785,data/wikiart/Cubism/wikiart_001415.jpg
WikiArt,all,1416,Impressionism,1625,1382,data/wikiart/Impressionism/wikiart_001416.jpg
WikiArt,all,1417,Naive_Art_Primitivism,1382,2118,data/wikiart/Naive_Art_Primitivism/wikiart_001417.jpg
WikiArt,all,1418,Northern_Renaissance,1382,1911,data/wikiart/Northern_Renaissance/wikiart_001418.jpg
WikiArt,all,1419,Cubism,1727,1382,data/wikiart/Cubism/wikiart_001419.jpg
WikiArt,all,1420,Romanticism,1382,1843,data/wikiart/Romanticism/wikiart_001420.jpg
WikiArt,all,1421,Impressionism,1382,2008,data/wikiart/Impressionism/wikiart_001421.jpg
WikiArt,all,1422,Realism,1381,2265,data/wikiart/Realism/wikiart_001422.jpg
WikiArt,all,1423,Romanticism,1382,1828,data/wikiart/Romanticism/wikiart_001423.jpg
WikiArt,all,1424,Pointillism,1382,1667,data/wikiart/Pointillism/wikiart_001424.jpg
WikiArt,all,1425,Impressionism,1856,1382,data/wikiart/Impressionism/wikiart_001425.jpg
WikiArt,all,1426,Synthetic_Cubism,1382,1870,data/wikiart/Synthetic_Cubism/wikiart_001426.jpg
WikiArt,all,1427,Impressionism,1653,1382,data/wikiart/Impressionism/wikiart_001427.jpg
WikiArt,all,1428,Art_Nouveau,1382,1751,data/wikiart/Art_Nouveau/wikiart_001428.jpg
WikiArt,all,1429,Romanticism,2174,1382,data/wikiart/Romanticism/wikiart_001429.jpg
WikiArt,all,1430,Naive_Art_Primitivism,1382,1833,data/wikiart/Naive_Art_Primitivism/wikiart_001430.jpg
WikiArt,all,1431,Baroque,1999,1382,data/wikiart/Baroque/wikiart_001431.jpg
WikiArt,all,1432,Romanticism,1835,1382,data/wikiart/Romanticism/wikiart_001432.jpg
WikiArt,all,1433,Post_Impressionism,1382,1789,data/wikiart/Post_Impressionism/wikiart_001433.jpg
WikiArt,all,1434,Romanticism,1382,1752,data/wikiart/Romanticism/wikiart_001434.jpg
WikiArt,all,1435,Cubism,1714,1382,data/wikiart/Cubism/wikiart_001435.jpg
WikiArt,all,1436,Post_Impressionism,1658,1382,data/wikiart/Post_Impressionism/wikiart_001436.jpg
WikiArt,all,1437,Post_Impressionism,1881,1381,data/wikiart/Post_Impressionism/wikiart_001437.jpg
WikiArt,all,1438,Impressionism,1663,1382,data/wikiart/Impressionism/wikiart_001438.jpg
WikiArt,all,1439,Post_Impressionism,1382,1707,data/wikiart/Post_Impressionism/wikiart_001439.jpg
WikiArt,all,1440,Northern_Renaissance,1382,1928,data/wikiart/Northern_Renaissance/wikiart_001440.jpg
WikiArt,all,1441,Impressionism,1382,1635,data/wikiart/Impressionism/wikiart_001441.jpg
WikiArt,all,1442,Symbolism,2167,1382,data/wikiart/Symbolism/wikiart_001442.jpg
WikiArt,all,1443,Realism,1844,1382,data/wikiart/Realism/wikiart_001443.jpg
WikiArt,all,1444,Art_Nouveau,1382,2136,data/wikiart/Art_Nouveau/wikiart_001444.jpg
WikiArt,all,1445,Realism,1382,1444,data/wikiart/Realism/wikiart_001445.jpg
WikiArt,all,1446,Fauvism,1997,1382,data/wikiart/Fauvism/wikiart_001446.jpg
WikiArt,all,1447,Realism,1382,2065,data/wikiart/Realism/wikiart_001447.jpg
WikiArt,all,1448,Art_Nouveau,1382,2206,data/wikiart/Art_Nouveau/wikiart_001448.jpg
WikiArt,all,1449,Impressionism,1382,1665,data/wikiart/Impressionism/wikiart_001449.jpg
WikiArt,all,1450,Post_Impressionism,2025,1382,data/wikiart/Post_Impressionism/wikiart_001450.jpg
WikiArt,all,1451,Realism,1761,1382,data/wikiart/Realism/wikiart_001451.jpg
WikiArt,all,1452,Realism,1382,1968,data/wikiart/Realism/wikiart_001452.jpg
WikiArt,all,1453,Romanticism,1382,1919,data/wikiart/Romanticism/wikiart_001453.jpg
WikiArt,all,1454,Post_Impressionism,2278,1382,data/wikiart/Post_Impressionism/wikiart_001454.jpg
WikiArt,all,1455,Naive_Art_Primitivism,1382,1875,data/wikiart/Naive_Art_Primitivism/wikiart_001455.jpg
WikiArt,all,1456,Impressionism,1877,1382,data/wikiart/Impressionism/wikiart_001456.jpg
WikiArt,all,1457,Realism,1382,2824,data/wikiart/Realism/wikiart_001457.jpg
WikiArt,all,1458,Impressionism,1382,1855,data/wikiart/Impressionism/wikiart_001458.jpg
WikiArt,all,1459,Cubism,1696,1382,data/wikiart/Cubism/wikiart_001459.jpg
WikiArt,all,1460,Realism,2362,1382,data/wikiart/Realism/wikiart_001460.jpg
WikiArt,all,1461,Northern_Renaissance,1382,2186,data/wikiart/Northern_Renaissance/wikiart_001461.jpg
WikiArt,all,1462,Impressionism,1382,2129,data/wikiart/Impressionism/wikiart_001462.jpg
WikiArt,all,1463,Realism,1767,1382,data/wikiart/Realism/wikiart_001463.jpg
WikiArt,all,1464,Naive_Art_Primitivism,1382,1867,data/wikiart/Naive_Art_Primitivism/wikiart_001464.jpg
WikiArt,all,1465,Realism,1382,1797,data/wikiart/Realism/wikiart_001465.jpg
WikiArt,all,1466,Expressionism,1382,1934,data/wikiart/Expressionism/wikiart_001466.jpg
WikiArt,all,1467,Post_Impressionism,1714,1382,data/wikiart/Post_Impressionism/wikiart_001467.jpg
WikiArt,all,1468,Post_Impressionism,1382,1881,data/wikiart/Post_Impressionism/wikiart_001468.jpg
WikiArt,all,1469,Impressionism,1688,1382,data/wikiart/Impressionism/wikiart_001469.jpg
WikiArt,all,1470,Impressionism,1382,1805,data/wikiart/Impressionism/wikiart_001470.jpg
WikiArt,all,1471,Post_Impressionism,1814,1382,data/wikiart/Post_Impressionism/wikiart_001471.jpg
WikiArt,all,1472,Impressionism,2002,1382,data/wikiart/Impressionism/wikiart_001472.jpg
WikiArt,all,1473,Realism,1382,2093,data/wikiart/Realism/wikiart_001473.jpg
WikiArt,all,1474,Realism,2628,1381,data/wikiart/Realism/wikiart_001474.jpg
WikiArt,all,1475,Impressionism,1724,1382,data/wikiart/Impressionism/wikiart_001475.jpg
WikiArt,all,1476,Impressionism,1600,1382,data/wikiart/Impressionism/wikiart_001476.jpg
WikiArt,all,1477,Realism,2320,1382,data/wikiart/Realism/wikiart_001477.jpg
WikiArt,all,1478,Post_Impressionism,1963,1382,data/wikiart/Post_Impressionism/wikiart_001478.jpg
WikiArt,all,1479,Post_Impressionism,2122,1381,data/wikiart/Post_Impressionism/wikiart_001479.jpg
WikiArt,all,1480,Cubism,1382,1728,data/wikiart/Cubism/wikiart_001480.jpg
WikiArt,all,1481,Post_Impressionism,2032,1382,data/wikiart/Post_Impressionism/wikiart_001481.jpg
WikiArt,all,1482,Post_Impressionism,1382,1818,data/wikiart/Post_Impressionism/wikiart_001482.jpg
WikiArt,all,1483,Impressionism,1382,1384,data/wikiart/Impressionism/wikiart_001483.jpg
WikiArt,all,1484,Baroque,1382,1658,data/wikiart/Baroque/wikiart_001484.jpg
WikiArt,all,1485,Cubism,1758,1382,data/wikiart/Cubism/wikiart_001485.jpg
WikiArt,all,1486,Realism,1382,1887,data/wikiart/Realism/wikiart_001486.jpg
WikiArt,all,1487,Art_Nouveau,1505,1382,data/wikiart/Art_Nouveau/wikiart_001487.jpg
WikiArt,all,1488,Symbolism,2108,1382,data/wikiart/Symbolism/wikiart_001488.jpg
WikiArt,all,1489,Impressionism,1382,1729,data/wikiart/Impressionism/wikiart_001489.jpg
WikiArt,all,1490,Post_Impressionism,1382,1778,data/wikiart/Post_Impressionism/wikiart_001490.jpg
WikiArt,all,1491,Impressionism,1400,1382,data/wikiart/Impressionism/wikiart_001491.jpg
WikiArt,all,1492,Symbolism,3280,1382,data/wikiart/Symbolism/wikiart_001492.jpg
WikiArt,all,1493,Post_Impressionism,1649,1382,data/wikiart/Post_Impressionism/wikiart_001493.jpg
WikiArt,all,1494,Realism,1382,1651,data/wikiart/Realism/wikiart_001494.jpg
WikiArt,all,1495,Art_Nouveau,1919,1382,data/wikiart/Art_Nouveau/wikiart_001495.jpg
WikiArt,all,1496,Art_Nouveau,1382,2119,data/wikiart/Art_Nouveau/wikiart_001496.jpg
WikiArt,all,1497,Impressionism,1676,1382,data/wikiart/Impressionism/wikiart_001497.jpg
WikiArt,all,1498,Abstract_Expressionism,1426,1382,data/wikiart/Abstract_Expressionism/wikiart_001498.jpg
WikiArt,all,1499,Art_Nouveau,1382,1859,data/wikiart/Art_Nouveau/wikiart_001499.jpg
WikiArt,all,1500,Impressionism,1683,1382,data/wikiart/Impressionism/wikiart_001500.jpg
WikiArt,all,1501,Baroque,1382,1835,data/wikiart/Baroque/wikiart_001501.jpg
WikiArt,all,1502,Post_Impressionism,1382,1731,data/wikiart/Post_Impressionism/wikiart_001502.jpg
WikiArt,all,1503,Art_Nouveau,1893,1381,data/wikiart/Art_Nouveau/wikiart_001503.jpg
WikiArt,all,1504,Realism,1382,2044,data/wikiart/Realism/wikiart_001504.jpg
WikiArt,all,1505,Impressionism,1694,1382,data/wikiart/Impressionism/wikiart_001505.jpg
WikiArt,all,1506,Impressionism,2523,1382,data/wikiart/Impressionism/wikiart_001506.jpg
WikiArt,all,1507,Impressionism,2150,1382,data/wikiart/Impressionism/wikiart_001507.jpg
WikiArt,all,1508,Naive_Art_Primitivism,2205,1382,data/wikiart/Naive_Art_Primitivism/wikiart_001508.jpg
WikiArt,all,1509,Impressionism,1382,1514,data/wikiart/Impressionism/wikiart_001509.jpg
WikiArt,all,1510,Realism,1382,2127,data/wikiart/Realism/wikiart_001510.jpg
WikiArt,all,1511,Impressionism,1550,1382,data/wikiart/Impressionism/wikiart_001511.jpg
WikiArt,all,1512,Impressionism,1388,1382,data/wikiart/Impressionism/wikiart_001512.jpg
WikiArt,all,1513,Art_Nouveau,1382,1641,data/wikiart/Art_Nouveau/wikiart_001513.jpg
WikiArt,all,1514,Impressionism,1649,1382,data/wikiart/Impressionism/wikiart_001514.jpg
WikiArt,all,1515,Expressionism,1381,1807,data/wikiart/Expressionism/wikiart_001515.jpg
WikiArt,all,1516,Cubism,1812,1382,data/wikiart/Cubism/wikiart_001516.jpg
WikiArt,all,1517,Realism,1531,1382,data/wikiart/Realism/wikiart_001517.jpg
WikiArt,all,1518,Impressionism,1382,2163,data/wikiart/Impressionism/wikiart_001518.jpg
WikiArt,all,1519,Art_Nouveau,1382,2200,data/wikiart/Art_Nouveau/wikiart_001519.jpg
WikiArt,all,1520,Impressionism,2110,1382,data/wikiart/Impressionism/wikiart_001520.jpg
WikiArt,all,1521,Impressionism,1721,1382,data/wikiart/Impressionism/wikiart_001521.jpg
WikiArt,all,1522,Romanticism,1382,1749,data/wikiart/Romanticism/wikiart_001522.jpg
WikiArt,all,1523,Art_Nouveau,1382,1428,data/wikiart/Art_Nouveau/wikiart_001523.jpg
WikiArt,all,1524,Post_Impressionism,1991,1382,data/wikiart/Post_Impressionism/wikiart_001524.jpg
WikiArt,all,1525,Post_Impressionism,1382,2161,data/wikiart/Post_Impressionism/wikiart_001525.jpg
WikiArt,all,1526,Impressionism,1983,1382,data/wikiart/Impressionism/wikiart_001526.jpg
WikiArt,all,1527,Impressionism,1382,1972,data/wikiart/Impressionism/wikiart_001527.jpg
WikiArt,all,1528,Impressionism,1382,1715,data/wikiart/Impressionism/wikiart_001528.jpg
WikiArt,all,1529,Impressionism,2511,1382,data/wikiart/Impressionism/wikiart_001529.jpg
WikiArt,all,1530,Realism,2229,1382,data/wikiart/Realism/wikiart_001530.jpg
WikiArt,all,1531,Impressionism,2298,1382,data/wikiart/Impressionism/wikiart_001531.jpg
WikiArt,all,1532,Symbolism,2058,1382,data/wikiart/Symbolism/wikiart_001532.jpg
WikiArt,all,1533,Realism,1382,1647,data/wikiart/Realism/wikiart_001533.jpg
WikiArt,all,1534,Symbolism,1382,3333,data/wikiart/Symbolism/wikiart_001534.jpg
WikiArt,all,1535,Impressionism,1661,1382,data/wikiart/Impressionism/wikiart_001535.jpg
WikiArt,all,1536,Realism,1828,1382,data/wikiart/Realism/wikiart_001536.jpg
WikiArt,all,1537,Post_Impressionism,1777,1382,data/wikiart/Post_Impressionism/wikiart_001537.jpg
WikiArt,all,1538,Romanticism,1382,1767,data/wikiart/Romanticism/wikiart_001538.jpg
WikiArt,all,1539,Romanticism,2179,1382,data/wikiart/Romanticism/wikiart_001539.jpg
WikiArt,all,1540,Impressionism,2262,1382,data/wikiart/Impressionism/wikiart_001540.jpg
WikiArt,all,1541,Post_Impressionism,1381,1688,data/wikiart/Post_Impressionism/wikiart_001541.jpg
WikiArt,all,1542,Impressionism,1937,1382,data/wikiart/Impressionism/wikiart_001542.jpg
WikiArt,all,1543,Northern_Renaissance,1382,2273,data/wikiart/Northern_Renaissance/wikiart_001543.jpg
WikiArt,all,1544,Art_Nouveau,1382,1885,data/wikiart/Art_Nouveau/wikiart_001544.jpg
WikiArt,all,1545,Impressionism,1638,1382,data/wikiart/Impressionism/wikiart_001545.jpg
WikiArt,all,1546,Northern_Renaissance,1382,1883,data/wikiart/Northern_Renaissance/wikiart_001546.jpg
WikiArt,all,1547,Art_Nouveau,1382,2089,data/wikiart/Art_Nouveau/wikiart_001547.jpg
WikiArt,all,1548,Impressionism,1382,1799,data/wikiart/Impressionism/wikiart_001548.jpg
WikiArt,all,1549,Impressionism,2285,1382,data/wikiart/Impressionism/wikiart_001549.jpg
WikiArt,all,1550,Symbolism,2051,1382,data/wikiart/Symbolism/wikiart_001550.jpg
WikiArt,all,1551,Impressionism,1852,1382,data/wikiart/Impressionism/wikiart_001551.jpg
WikiArt,all,1552,Expressionism,1382,2269,data/wikiart/Expressionism/wikiart_001552.jpg
WikiArt,all,1553,Realism,1977,1382,data/wikiart/Realism/wikiart_001553.jpg
WikiArt,all,1554,Symbolism,2484,1382,data/wikiart/Symbolism/wikiart_001554.jpg
WikiArt,all,1555,Impressionism,2126,1382,data/wikiart/Impressionism/wikiart_001555.jpg
WikiArt,all,1556,Northern_Renaissance,1382,1861,data/wikiart/Northern_Renaissance/wikiart_001556.jpg
WikiArt,all,1557,Impressionism,1382,1738,data/wikiart/Impressionism/wikiart_001557.jpg
WikiArt,all,1558,Baroque,1382,1544,data/wikiart/Baroque/wikiart_001558.jpg
WikiArt,all,1559,Impressionism,1825,1382,data/wikiart/Impressionism/wikiart_001559.jpg
WikiArt,all,1560,Realism,1382,1900,data/wikiart/Realism/wikiart_001560.jpg
WikiArt,all,1561,Impressionism,1828,1382,data/wikiart/Impressionism/wikiart_001561.jpg
WikiArt,all,1562,Naive_Art_Primitivism,1796,1382,data/wikiart/Naive_Art_Primitivism/wikiart_001562.jpg
WikiArt,all,1563,Impressionism,2640,1382,data/wikiart/Impressionism/wikiart_001563.jpg
WikiArt,all,1564,Post_Impressionism,1382,1957,data/wikiart/Post_Impressionism/wikiart_001564.jpg
WikiArt,all,1565,Realism,2162,1382,data/wikiart/Realism/wikiart_001565.jpg
WikiArt,all,1566,Romanticism,1382,2020,data/wikiart/Romanticism/wikiart_001566.jpg
WikiArt,all,1567,Art_Nouveau,1382,1651,data/wikiart/Art_Nouveau/wikiart_001567.jpg
WikiArt,all,1568,Impressionism,1382,1777,data/wikiart/Impressionism/wikiart_001568.jpg
WikiArt,all,1569,Realism,1382,1524,data/wikiart/Realism/wikiart_001569.jpg
WikiArt,all,1570,Post_Impressionism,2195,1381,data/wikiart/Post_Impressionism/wikiart_001570.jpg
WikiArt,all,1571,Impressionism,1895,1382,data/wikiart/Impressionism/wikiart_001571.jpg
WikiArt,all,1572,Realism,2254,1382,data/wikiart/Realism/wikiart_001572.jpg
WikiArt,all,1573,Symbolism,2707,1382,data/wikiart/Symbolism/wikiart_001573.jpg
WikiArt,all,1574,Impressionism,1382,1912,data/wikiart/Impressionism/wikiart_001574.jpg
WikiArt,all,1575,Symbolism,2387,1382,data/wikiart/Symbolism/wikiart_001575.jpg
WikiArt,all,1576,Symbolism,1967,1382,data/wikiart/Symbolism/wikiart_001576.jpg
WikiArt,all,1577,Baroque,2315,1382,data/wikiart/Baroque/wikiart_001577.jpg
WikiArt,all,1578,Realism,1842,1382,data/wikiart/Realism/wikiart_001578.jpg
WikiArt,all,1579,Baroque,1382,1679,data/wikiart/Baroque/wikiart_001579.jpg
WikiArt,all,1580,Realism,2295,1382,data/wikiart/Realism/wikiart_001580.jpg
WikiArt,all,1581,Post_Impressionism,1382,1968,data/wikiart/Post_Impressionism/wikiart_001581.jpg
WikiArt,all,1582,Symbolism,2069,1382,data/wikiart/Symbolism/wikiart_001582.jpg
WikiArt,all,1583,Impressionism,2100,1382,data/wikiart/Impressionism/wikiart_001583.jpg
WikiArt,all,1584,Impressionism,1785,1382,data/wikiart/Impressionism/wikiart_001584.jpg
WikiArt,all,1585,Realism,1382,1930,data/wikiart/Realism/wikiart_001585.jpg
WikiArt,all,1586,Realism,3274,1382,data/wikiart/Realism/wikiart_001586.jpg
WikiArt,all,1587,Impressionism,1382,1798,data/wikiart/Impressionism/wikiart_001587.jpg
WikiArt,all,1588,Impressionism,1382,1662,data/wikiart/Impressionism/wikiart_001588.jpg
WikiArt,all,1589,Realism,1382,2023,data/wikiart/Realism/wikiart_001589.jpg
WikiArt,all,1590,Symbolism,1382,1855,data/wikiart/Symbolism/wikiart_001590.jpg
WikiArt,all,1591,Art_Nouveau,1382,2163,data/wikiart/Art_Nouveau/wikiart_001591.jpg
WikiArt,all,1592,Impressionism,1678,1382,data/wikiart/Impressionism/wikiart_001592.jpg
WikiArt,all,1593,Expressionism,1930,1382,data/wikiart/Expressionism/wikiart_001593.jpg
WikiArt,all,1594,Art_Nouveau,1382,1898,data/wikiart/Art_Nouveau/wikiart_001594.jpg
WikiArt,all,1595,Impressionism,2008,1381,data/wikiart/Impressionism/wikiart_001595.jpg
WikiArt,all,1596,Art_Nouveau,1382,1796,data/wikiart/Art_Nouveau/wikiart_001596.jpg
WikiArt,all,1597,Naive_Art_Primitivism,1382,1831,data/wikiart/Naive_Art_Primitivism/wikiart_001597.jpg
WikiArt,all,1598,Art_Nouveau,2344,1382,data/wikiart/Art_Nouveau/wikiart_001598.jpg
WikiArt,all,1599,Impressionism,1382,1758,data/wikiart/Impressionism/wikiart_001599.jpg
WikiArt,all,1600,Impressionism,1549,1382,data/wikiart/Impressionism/wikiart_001600.jpg
WikiArt,all,1601,Baroque,1382,1692,data/wikiart/Baroque/wikiart_001601.jpg
WikiArt,all,1602,Romanticism,1974,1382,data/wikiart/Romanticism/wikiart_001602.jpg
WikiArt,all,1603,Impressionism,1747,1382,data/wikiart/Impressionism/wikiart_001603.jpg
WikiArt,all,1604,Romanticism,1382,1651,data/wikiart/Romanticism/wikiart_001604.jpg
WikiArt,all,1605,Realism,1382,2660,data/wikiart/Realism/wikiart_001605.jpg
WikiArt,all,1606,Naive_Art_Primitivism,1382,1701,data/wikiart/Naive_Art_Primitivism/wikiart_001606.jpg
WikiArt,all,1607,Realism,2119,1382,data/wikiart/Realism/wikiart_001607.jpg
WikiArt,all,1608,Art_Nouveau,1382,2099,data/wikiart/Art_Nouveau/wikiart_001608.jpg
WikiArt,all,1609,Romanticism,1382,1853,data/wikiart/Romanticism/wikiart_001609.jpg
WikiArt,all,1610,Realism,1932,1382,data/wikiart/Realism/wikiart_001610.jpg
WikiArt,all,1611,Realism,1382,2870,data/wikiart/Realism/wikiart_001611.jpg
WikiArt,all,1612,Post_Impressionism,2122,1381,data/wikiart/Post_Impressionism/wikiart_001612.jpg
WikiArt,all,1613,Art_Nouveau,1382,2130,data/wikiart/Art_Nouveau/wikiart_001613.jpg
WikiArt,all,1614,Baroque,1382,1533,data/wikiart/Baroque/wikiart_001614.jpg
WikiArt,all,1615,Symbolism,1939,1382,data/wikiart/Symbolism/wikiart_001615.jpg
WikiArt,all,1616,Art_Nouveau,1382,2167,data/wikiart/Art_Nouveau/wikiart_001616.jpg
WikiArt,all,1617,Naive_Art_Primitivism,1382,1881,data/wikiart/Naive_Art_Primitivism/wikiart_001617.jpg
WikiArt,all,1618,Naive_Art_Primitivism,1382,1919,data/wikiart/Naive_Art_Primitivism/wikiart_001618.jpg
WikiArt,all,1619,Art_Nouveau,1890,1382,data/wikiart/Art_Nouveau/wikiart_001619.jpg
WikiArt,all,1620,Romanticism,1382,1911,data/wikiart/Romanticism/wikiart_001620.jpg
WikiArt,all,1621,Post_Impressionism,1382,1697,data/wikiart/Post_Impressionism/wikiart_001621.jpg
WikiArt,all,1622,Impressionism,2178,1382,data/wikiart/Impressionism/wikiart_001622.jpg
WikiArt,all,1623,Romanticism,2214,1382,data/wikiart/Romanticism/wikiart_001623.jpg
WikiArt,all,1624,Art_Nouveau,2195,1382,data/wikiart/Art_Nouveau/wikiart_001624.jpg
WikiArt,all,1625,Realism,2308,1382,data/wikiart/Realism/wikiart_001625.jpg
WikiArt,all,1626,Symbolism,2316,1382,data/wikiart/Symbolism/wikiart_001626.jpg
WikiArt,all,1627,Realism,1382,1749,data/wikiart/Realism/wikiart_001627.jpg
WikiArt,all,1628,Realism,1382,1570,data/wikiart/Realism/wikiart_001628.jpg
WikiArt,all,1629,Impressionism,3538,1382,data/wikiart/Impressionism/wikiart_001629.jpg
WikiArt,all,1630,Post_Impressionism,1382,1666,data/wikiart/Post_Impressionism/wikiart_001630.jpg
WikiArt,all,1631,Realism,2144,1382,data/wikiart/Realism/wikiart_001631.jpg
WikiArt,all,1632,Post_Impressionism,1381,1686,data/wikiart/Post_Impressionism/wikiart_001632.jpg
WikiArt,all,1633,Art_Nouveau,1870,1382,data/wikiart/Art_Nouveau/wikiart_001633.jpg
WikiArt,all,1634,Realism,1476,1382,data/wikiart/Realism/wikiart_001634.jpg
WikiArt,all,1635,Symbolism,2119,1382,data/wikiart/Symbolism/wikiart_001635.jpg
WikiArt,all,1636,Impressionism,1382,1658,data/wikiart/Impressionism/wikiart_001636.jpg
WikiArt,all,1637,Impressionism,1382,1808,data/wikiart/Impressionism/wikiart_001637.jpg
WikiArt,all,1638,Post_Impressionism,1382,1685,data/wikiart/Post_Impressionism/wikiart_001638.jpg
WikiArt,all,1639,Impressionism,1382,1718,data/wikiart/Impressionism/wikiart_001639.jpg
WikiArt,all,1640,Expressionism,1382,1863,data/wikiart/Expressionism/wikiart_001640.jpg
WikiArt,all,1641,Art_Nouveau,1382,2186,data/wikiart/Art_Nouveau/wikiart_001641.jpg
WikiArt,all,1642,Impressionism,1737,1382,data/wikiart/Impressionism/wikiart_001642.jpg
WikiArt,all,1643,Art_Nouveau,1382,2161,data/wikiart/Art_Nouveau/wikiart_001643.jpg
WikiArt,all,1644,Post_Impressionism,2849,1382,data/wikiart/Post_Impressionism/wikiart_001644.jpg
WikiArt,all,1645,Impressionism,1382,1878,data/wikiart/Impressionism/wikiart_001645.jpg
WikiArt,all,1646,Impressionism,1382,1656,data/wikiart/Impressionism/wikiart_001646.jpg
WikiArt,all,1647,Impressionism,2358,1382,data/wikiart/Impressionism/wikiart_001647.jpg
WikiArt,all,1648,Impressionism,1660,1382,data/wikiart/Impressionism/wikiart_001648.jpg
WikiArt,all,1649,Impressionism,1382,2663,data/wikiart/Impressionism/wikiart_001649.jpg
WikiArt,all,1650,Impressionism,1914,1381,data/wikiart/Impressionism/wikiart_001650.jpg
WikiArt,all,1651,Impressionism,2853,1382,data/wikiart/Impressionism/wikiart_001651.jpg
WikiArt,all,1652,Post_Impressionism,1725,1382,data/wikiart/Post_Impressionism/wikiart_001652.jpg
WikiArt,all,1653,Impressionism,1845,1382,data/wikiart/Impressionism/wikiart_001653.jpg
WikiArt,all,1654,Post_Impressionism,1382,1387,data/wikiart/Post_Impressionism/wikiart_001654.jpg
WikiArt,all,1655,Art_Nouveau,1382,2106,data/wikiart/Art_Nouveau/wikiart_001655.jpg
WikiArt,all,1656,Realism,1885,1382,data/wikiart/Realism/wikiart_001656.jpg
WikiArt,all,1657,Realism,1837,1382,data/wikiart/Realism/wikiart_001657.jpg
WikiArt,all,1658,Post_Impressionism,1684,1382,data/wikiart/Post_Impressionism/wikiart_001658.jpg
WikiArt,all,1659,Synthetic_Cubism,3130,1382,data/wikiart/Synthetic_Cubism/wikiart_001659.jpg
WikiArt,all,1660,Realism,1916,1382,data/wikiart/Realism/wikiart_001660.jpg
WikiArt,all,1661,Post_Impressionism,1382,2775,data/wikiart/Post_Impressionism/wikiart_001661.jpg
WikiArt,all,1662,Cubism,1531,1382,data/wikiart/Cubism/wikiart_001662.jpg
WikiArt,all,1663,Post_Impressionism,1382,1887,data/wikiart/Post_Impressionism/wikiart_001663.jpg
WikiArt,all,1664,Impressionism,2140,1382,data/wikiart/Impressionism/wikiart_001664.jpg
WikiArt,all,1665,Symbolism,2066,1382,data/wikiart/Symbolism/wikiart_001665.jpg
WikiArt,all,1666,Post_Impressionism,1680,1382,data/wikiart/Post_Impressionism/wikiart_001666.jpg
WikiArt,all,1667,Symbolism,2610,1382,data/wikiart/Symbolism/wikiart_001667.jpg
WikiArt,all,1668,Art_Nouveau,1382,1388,data/wikiart/Art_Nouveau/wikiart_001668.jpg
WikiArt,all,1669,Impressionism,1382,1674,data/wikiart/Impressionism/wikiart_001669.jpg
WikiArt,all,1670,Art_Nouveau,1454,1382,data/wikiart/Art_Nouveau/wikiart_001670.jpg
WikiArt,all,1671,Romanticism,1382,1747,data/wikiart/Romanticism/wikiart_001671.jpg
WikiArt,all,1672,Naive_Art_Primitivism,1382,1891,data/wikiart/Naive_Art_Primitivism/wikiart_001672.jpg
WikiArt,all,1673,Naive_Art_Primitivism,1842,1382,data/wikiart/Naive_Art_Primitivism/wikiart_001673.jpg
WikiArt,all,1674,Realism,2454,1381,data/wikiart/Realism/wikiart_001674.jpg
WikiArt,all,1675,Symbolism,2105,1382,data/wikiart/Symbolism/wikiart_001675.jpg
WikiArt,all,1676,Impressionism,2068,1382,data/wikiart/Impressionism/wikiart_001676.jpg
WikiArt,all,1677,Impressionism,1952,1382,data/wikiart/Impressionism/wikiart_001677.jpg
WikiArt,all,1678,Post_Impressionism,1400,1382,data/wikiart/Post_Impressionism/wikiart_001678.jpg
WikiArt,all,1679,Northern_Renaissance,1382,1877,data/wikiart/Northern_Renaissance/wikiart_001679.jpg
WikiArt,all,1680,Symbolism,1856,1382,data/wikiart/Symbolism/wikiart_001680.jpg
WikiArt,all,1681,Realism,2352,1382,data/wikiart/Realism/wikiart_001681.jpg
WikiArt,all,1682,Art_Nouveau,2279,1382,data/wikiart/Art_Nouveau/wikiart_001682.jpg
WikiArt,all,1683,Realism,1382,1847,data/wikiart/Realism/wikiart_001683.jpg
WikiArt,all,1684,Realism,1382,1708,data/wikiart/Realism/wikiart_001684.jpg
WikiArt,all,1685,Romanticism,1382,1862,data/wikiart/Romanticism/wikiart_001685.jpg
WikiArt,all,1686,Impressionism,1382,1736,data/wikiart/Impressionism/wikiart_001686.jpg
WikiArt,all,1687,Realism,1383,1382,data/wikiart/Realism/wikiart_001687.jpg
WikiArt,all,1688,Baroque,1381,1827,data/wikiart/Baroque/wikiart_001688.jpg
WikiArt,all,1689,Impressionism,1449,1382,data/wikiart/Impressionism/wikiart_001689.jpg
WikiArt,all,1690,Post_Impressionism,2143,1382,data/wikiart/Post_Impressionism/wikiart_001690.jpg
WikiArt,all,1691,Northern_Renaissance,1528,1382,data/wikiart/Northern_Renaissance/wikiart_001691.jpg
WikiArt,all,1692,Symbolism,2180,1382,data/wikiart/Symbolism/wikiart_001692.jpg
WikiArt,all,1693,Realism,1382,1902,data/wikiart/Realism/wikiart_001693.jpg
WikiArt,all,1694,Art_Nouveau,1382,2093,data/wikiart/Art_Nouveau/wikiart_001694.jpg
WikiArt,all,1695,Post_Impressionism,1672,1382,data/wikiart/Post_Impressionism/wikiart_001695.jpg
WikiArt,all,1696,Expressionism,1382,1750,data/wikiart/Expressionism/wikiart_001696.jpg
WikiArt,all,1697,Realism,1382,2874,data/wikiart/Realism/wikiart_001697.jpg
WikiArt,all,1698,Impressionism,1382,1426,data/wikiart/Impressionism/wikiart_001698.jpg
WikiArt,all,1699,Realism,1382,2127,data/wikiart/Realism/wikiart_001699.jpg
WikiArt,all,1700,Naive_Art_Primitivism,1828,1382,data/wikiart/Naive_Art_Primitivism/wikiart_001700.jpg
WikiArt,all,1701,Realism,1382,1732,data/wikiart/Realism/wikiart_001701.jpg
WikiArt,all,1702,Realism,1795,1382,data/wikiart/Realism/wikiart_001702.jpg
WikiArt,all,1703,Northern_Renaissance,1382,2134,data/wikiart/Northern_Renaissance/wikiart_001703.jpg
WikiArt,all,1704,Impressionism,3163,1382,data/wikiart/Impressionism/wikiart_001704.jpg
WikiArt,all,1705,Impressionism,1721,1382,data/wikiart/Impressionism/wikiart_001705.jpg
WikiArt,all,1706,Impressionism,1515,1382,data/wikiart/Impressionism/wikiart_001706.jpg
WikiArt,all,1707,Impressionism,1382,1757,data/wikiart/Impressionism/wikiart_001707.jpg
WikiArt,all,1708,Art_Nouveau,1599,1382,data/wikiart/Art_Nouveau/wikiart_001708.jpg
WikiArt,all,1709,Romanticism,1382,1835,data/wikiart/Romanticism/wikiart_001709.jpg
WikiArt,all,1710,Baroque,1382,1799,data/wikiart/Baroque/wikiart_001710.jpg
WikiArt,all,1711,Realism,1769,1382,data/wikiart/Realism/wikiart_001711.jpg
WikiArt,all,1712,Art_Nouveau,2229,1382,data/wikiart/Art_Nouveau/wikiart_001712.jpg
WikiArt,all,1713,Impressionism,1681,1382,data/wikiart/Impressionism/wikiart_001713.jpg
WikiArt,all,1714,Impressionism,1941,1382,data/wikiart/Impressionism/wikiart_001714.jpg
WikiArt,all,1715,Impressionism,1382,1747,data/wikiart/Impressionism/wikiart_001715.jpg
WikiArt,all,1716,Realism,2183,1382,data/wikiart/Realism/wikiart_001716.jpg
WikiArt,all,1717,Art_Nouveau,1992,1382,data/wikiart/Art_Nouveau/wikiart_001717.jpg
WikiArt,all,1718,Realism,1382,2769,data/wikiart/Realism/wikiart_001718.jpg
WikiArt,all,1719,Expressionism,2008,1381,data/wikiart/Expressionism/wikiart_001719.jpg
WikiArt,all,1720,Romanticism,1382,1855,data/wikiart/Romanticism/wikiart_001720.jpg
WikiArt,all,1721,Impressionism,1382,1624,data/wikiart/Impressionism/wikiart_001721.jpg
WikiArt,all,1722,Symbolism,1397,1382,data/wikiart/Symbolism/wikiart_001722.jpg
WikiArt,all,1723,Realism,1382,2075,data/wikiart/Realism/wikiart_001723.jpg
WikiArt,all,1724,Romanticism,2040,1382,data/wikiart/Romanticism/wikiart_001724.jpg
WikiArt,all,1725,Romanticism,1381,1828,data/wikiart/Romanticism/wikiart_001725.jpg
WikiArt,all,1726,Post_Impressionism,1382,1725,data/wikiart/Post_Impressionism/wikiart_001726.jpg
WikiArt,all,1727,Symbolism,2097,1382,data/wikiart/Symbolism/wikiart_001727.jpg
WikiArt,all,1728,Impressionism,1736,1382,data/wikiart/Impressionism/wikiart_001728.jpg
WikiArt,all,1729,Post_Impressionism,1913,1382,data/wikiart/Post_Impressionism/wikiart_001729.jpg
WikiArt,all,1730,Realism,1382,1908,data/wikiart/Realism/wikiart_001730.jpg
WikiArt,all,1731,Impressionism,2485,1382,data/wikiart/Impressionism/wikiart_001731.jpg
WikiArt,all,1732,Impressionism,2186,1382,data/wikiart/Impressionism/wikiart_001732.jpg
WikiArt,all,1733,Expressionism,1893,1381,data/wikiart/Expressionism/wikiart_001733.jpg
WikiArt,all,1734,Northern_Renaissance,1390,1382,data/wikiart/Northern_Renaissance/wikiart_001734.jpg
WikiArt,all,1735,Symbolism,2203,1382,data/wikiart/Symbolism/wikiart_001735.jpg
WikiArt,all,1736,Realism,1382,1528,data/wikiart/Realism/wikiart_001736.jpg
WikiArt,all,1737,Realism,1382,1751,data/wikiart/Realism/wikiart_001737.jpg
WikiArt,all,1738,Realism,1382,2207,data/wikiart/Realism/wikiart_001738.jpg
WikiArt,all,1739,Expressionism,1382,1800,data/wikiart/Expressionism/wikiart_001739.jpg
WikiArt,all,1740,Impressionism,1382,1903,data/wikiart/Impressionism/wikiart_001740.jpg
WikiArt,all,1741,Impressionism,1382,1625,data/wikiart/Impressionism/wikiart_001741.jpg
WikiArt,all,1742,Art_Nouveau,1873,1382,data/wikiart/Art_Nouveau/wikiart_001742.jpg
WikiArt,all,1743,Realism,1382,1706,data/wikiart/Realism/wikiart_001743.jpg
WikiArt,all,1744,Realism,1382,1885,data/wikiart/Realism/wikiart_001744.jpg
WikiArt,all,1745,Post_Impressionism,1381,1826,data/wikiart/Post_Impressionism/wikiart_001745.jpg
WikiArt,all,1746,Impressionism,1382,1721,data/wikiart/Impressionism/wikiart_001746.jpg
WikiArt,all,1747,Naive_Art_Primitivism,1382,1666,data/wikiart/Naive_Art_Primitivism/wikiart_001747.jpg
WikiArt,all,1748,Impressionism,1737,1382,data/wikiart/Impressionism/wikiart_001748.jpg
WikiArt,all,1749,Symbolism,1793,1382,data/wikiart/Symbolism/wikiart_001749.jpg
WikiArt,all,1750,Realism,1988,1382,data/wikiart/Realism/wikiart_001750.jpg
WikiArt,all,1751,Impressionism,1382,1722,data/wikiart/Impressionism/wikiart_001751.jpg
WikiArt,all,1752,Realism,1898,1382,data/wikiart/Realism/wikiart_001752.jpg
WikiArt,all,1753,Impressionism,1742,1382,data/wikiart/Impressionism/wikiart_001753.jpg
WikiArt,all,1754,Symbolism,1774,1382,data/wikiart/Symbolism/wikiart_001754.jpg
WikiArt,all,1755,Symbolism,1801,1382,data/wikiart/Symbolism/wikiart_001755.jpg
WikiArt,all,1756,Realism,1382,2005,data/wikiart/Realism/wikiart_001756.jpg
WikiArt,all,1757,Symbolism,2356,1382,data/wikiart/Symbolism/wikiart_001757.jpg
WikiArt,all,1758,Realism,1954,1382,data/wikiart/Realism/wikiart_001758.jpg
WikiArt,all,1759,Art_Nouveau,1832,1382,data/wikiart/Art_Nouveau/wikiart_001759.jpg
WikiArt,all,1760,Impressionism,2605,1382,data/wikiart/Impressionism/wikiart_001760.jpg
WikiArt,all,1761,Realism,1382,1799,data/wikiart/Realism/wikiart_001761.jpg
WikiArt,all,1762,Impressionism,1978,1382,data/wikiart/Impressionism/wikiart_001762.jpg
WikiArt,all,1763,Realism,1382,1870,data/wikiart/Realism/wikiart_001763.jpg
WikiArt,all,1764,Impressionism,1725,1382,data/wikiart/Impressionism/wikiart_001764.jpg
WikiArt,all,1765,Impressionism,1744,1382,data/wikiart/Impressionism/wikiart_001765.jpg
WikiArt,all,1766,Impressionism,1907,1382,data/wikiart/Impressionism/wikiart_001766.jpg
WikiArt,all,1767,Romanticism,1414,1382,data/wikiart/Romanticism/wikiart_001767.jpg
WikiArt,all,1768,Realism,1381,1701,data/wikiart/Realism/wikiart_001768.jpg
WikiArt,all,1769,Expressionism,1877,1382,data/wikiart/Expressionism/wikiart_001769.jpg
WikiArt,all,1770,Post_Impressionism,1790,1382,data/wikiart/Post_Impressionism/wikiart_001770.jpg
WikiArt,all,1771,Baroque,1382,1959,data/wikiart/Baroque/wikiart_001771.jpg
WikiArt,all,1772,Realism,1382,2253,data/wikiart/Realism/wikiart_001772.jpg
WikiArt,all,1773,Cubism,1770,1382,data/wikiart/Cubism/wikiart_001773.jpg
WikiArt,all,1774,Symbolism,1794,1382,data/wikiart/Symbolism/wikiart_001774.jpg
WikiArt,all,1775,Post_Impressionism,1382,1826,data/wikiart/Post_Impressionism/wikiart_001775.jpg
WikiArt,all,1776,Realism,1963,1382,data/wikiart/Realism/wikiart_001776.jpg
WikiArt,all,1777,Impressionism,1776,1382,data/wikiart/Impressionism/wikiart_001777.jpg
WikiArt,all,1778,Impressionism,1382,1612,data/wikiart/Impressionism/wikiart_001778.jpg
WikiArt,all,1779,Art_Nouveau,1634,1382,data/wikiart/Art_Nouveau/wikiart_001779.jpg
WikiArt,all,1780,Impressionism,1382,1764,data/wikiart/Impressionism/wikiart_001780.jpg
WikiArt,all,1781,Romanticism,2084,1382,data/wikiart/Romanticism/wikiart_001781.jpg
WikiArt,all,1782,Realism,1394,1382,data/wikiart/Realism/wikiart_001782.jpg
WikiArt,all,1783,Art_Nouveau,1382,2350,data/wikiart/Art_Nouveau/wikiart_001783.jpg
WikiArt,all,1784,Romanticism,1382,1651,data/wikiart/Romanticism/wikiart_001784.jpg
WikiArt,all,1785,Impressionism,1623,1381,data/wikiart/Impressionism/wikiart_001785.jpg
WikiArt,all,1786,Romanticism,1689,1382,data/wikiart/Romanticism/wikiart_001786.jpg
WikiArt,all,1787,Realism,1382,2056,data/wikiart/Realism/wikiart_001787.jpg
WikiArt,all,1788,Impressionism,2146,1382,data/wikiart/Impressionism/wikiart_001788.jpg
WikiArt,all,1789,Cubism,1382,2079,data/wikiart/Cubism/wikiart_001789.jpg
WikiArt,all,1790,Realism,1382,1963,data/wikiart/Realism/wikiart_001790.jpg
WikiArt,all,1791,Realism,1382,1678,data/wikiart/Realism/wikiart_001791.jpg
WikiArt,all,1792,Naive_Art_Primitivism,1382,1775,data/wikiart/Naive_Art_Primitivism/wikiart_001792.jpg
WikiArt,all,1793,Post_Impressionism,1723,1382,data/wikiart/Post_Impressionism/wikiart_001793.jpg
WikiArt,all,1794,Impressionism,1946,1382,data/wikiart/Impressionism/wikiart_001794.jpg
WikiArt,all,1795,Baroque,1382,1805,data/wikiart/Baroque/wikiart_001795.jpg
WikiArt,all,1796,Symbolism,1382,1541,data/wikiart/Symbolism/wikiart_001796.jpg
WikiArt,all,1797,Impressionism,1735,1382,data/wikiart/Impressionism/wikiart_001797.jpg
WikiArt,all,1798,Realism,1382,1961,data/wikiart/Realism/wikiart_001798.jpg
WikiArt,all,1799,Impressionism,1876,1382,data/wikiart/Impressionism/wikiart_001799.jpg
WikiArt,all,1800,Impressionism,1486,1382,data/wikiart/Impressionism/wikiart_001800.jpg
WikiArt,all,1801,Romanticism,2097,1382,data/wikiart/Romanticism/wikiart_001801.jpg
WikiArt,all,1802,Art_Nouveau,1408,1382,data/wikiart/Art_Nouveau/wikiart_001802.jpg
WikiArt,all,1803,Northern_Renaissance,1382,2097,data/wikiart/Northern_Renaissance/wikiart_001803.jpg
WikiArt,all,1804,Baroque,1382,1806,data/wikiart/Baroque/wikiart_001804.jpg
WikiArt,all,1805,Post_Impressionism,1382,2105,data/wikiart/Post_Impressionism/wikiart_001805.jpg
WikiArt,all,1806,Northern_Renaissance,1382,1747,data/wikiart/Northern_Renaissance/wikiart_001806.jpg
WikiArt,all,1807,Impressionism,1727,1382,data/wikiart/Impressionism/wikiart_001807.jpg
WikiArt,all,1808,Art_Nouveau,1382,1799,data/wikiart/Art_Nouveau/wikiart_001808.jpg
WikiArt,all,1809,Baroque,1382,1655,data/wikiart/Baroque/wikiart_001809.jpg
WikiArt,all,1810,Naive_Art_Primitivism,1382,1974,data/wikiart/Naive_Art_Primitivism/wikiart_001810.jpg
WikiArt,all,1811,Impressionism,1661,1382,data/wikiart/Impressionism/wikiart_001811.jpg
WikiArt,all,1812,Realism,2441,1382,data/wikiart/Realism/wikiart_001812.jpg
WikiArt,all,1813,Naive_Art_Primitivism,1382,2071,data/wikiart/Naive_Art_Primitivism/wikiart_001813.jpg
WikiArt,all,1814,Impressionism,2109,1382,data/wikiart/Impressionism/wikiart_001814.jpg
WikiArt,all,1815,Impressionism,2021,1382,data/wikiart/Impressionism/wikiart_001815.jpg
WikiArt,all,1816,Northern_Renaissance,1382,2641,data/wikiart/Northern_Renaissance/wikiart_001816.jpg
WikiArt,all,1817,Impressionism,1712,1382,data/wikiart/Impressionism/wikiart_001817.jpg
WikiArt,all,1818,Realism,1862,1382,data/wikiart/Realism/wikiart_001818.jpg
WikiArt,all,1819,Impressionism,1382,1664,data/wikiart/Impressionism/wikiart_001819.jpg
WikiArt,all,1820,Northern_Renaissance,1382,1914,data/wikiart/Northern_Renaissance/wikiart_001820.jpg
WikiArt,all,1821,Romanticism,2002,1382,data/wikiart/Romanticism/wikiart_001821.jpg
WikiArt,all,1822,Cubism,1734,1382,data/wikiart/Cubism/wikiart_001822.jpg
WikiArt,all,1823,Baroque,1785,1382,data/wikiart/Baroque/wikiart_001823.jpg
WikiArt,all,1824,Naive_Art_Primitivism,1842,1382,data/wikiart/Naive_Art_Primitivism/wikiart_001824.jpg
WikiArt,all,1825,Post_Impressionism,1382,1811,data/wikiart/Post_Impressionism/wikiart_001825.jpg
WikiArt,all,1826,Realism,1623,1382,data/wikiart/Realism/wikiart_001826.jpg
WikiArt,all,1827,Romanticism,1714,1382,data/wikiart/Romanticism/wikiart_001827.jpg
WikiArt,all,1828,Impressionism,1382,2160,data/wikiart/Impressionism/wikiart_001828.jpg
WikiArt,all,1829,Post_Impressionism,3071,1382,data/wikiart/Post_Impressionism/wikiart_001829.jpg
WikiArt,all,1830,Baroque,2071,1382,data/wikiart/Baroque/wikiart_001830.jpg
WikiArt,all,1831,Symbolism,1842,1382,data/wikiart/Symbolism/wikiart_001831.jpg
WikiArt,all,1832,Post_Impressionism,1850,1382,data/wikiart/Post_Impressionism/wikiart_001832.jpg
WikiArt,all,1833,Impressionism,3146,1382,data/wikiart/Impressionism/wikiart_001833.jpg
WikiArt,all,1834,Impressionism,1382,1675,data/wikiart/Impressionism/wikiart_001834.jpg
WikiArt,all,1835,Impressionism,1685,1382,data/wikiart/Impressionism/wikiart_001835.jpg
WikiArt,all,1836,Impressionism,1382,2010,data/wikiart/Impressionism/wikiart_001836.jpg
WikiArt,all,1837,Realism,1382,1882,data/wikiart/Realism/wikiart_001837.jpg
WikiArt,all,1838,Symbolism,1850,1382,data/wikiart/Symbolism/wikiart_001838.jpg
WikiArt,all,1839,Impressionism,2238,1382,data/wikiart/Impressionism/wikiart_001839.jpg
WikiArt,all,1840,Northern_Renaissance,1382,2218,data/wikiart/Northern_Renaissance/wikiart_001840.jpg
WikiArt,all,1841,Impressionism,1382,1660,data/wikiart/Impressionism/wikiart_001841.jpg
WikiArt,all,1842,Romanticism,1753,1382,data/wikiart/Romanticism/wikiart_001842.jpg
WikiArt,all,1843,Baroque,3672,1382,data/wikiart/Baroque/wikiart_001843.jpg
WikiArt,all,1844,Symbolism,2060,1382,data/wikiart/Symbolism/wikiart_001844.jpg
WikiArt,all,1845,Impressionism,1753,1382,data/wikiart/Impressionism/wikiart_001845.jpg
WikiArt,all,1846,Romanticism,1887,1382,data/wikiart/Romanticism/wikiart_001846.jpg
WikiArt,all,1847,Impressionism,2005,1382,data/wikiart/Impressionism/wikiart_001847.jpg
WikiArt,all,1848,Impressionism,1392,1382,data/wikiart/Impressionism/wikiart_001848.jpg
WikiArt,all,1849,Art_Nouveau,1382,3043,data/wikiart/Art_Nouveau/wikiart_001849.jpg
WikiArt,all,1850,Art_Nouveau,1382,2166,data/wikiart/Art_Nouveau/wikiart_001850.jpg
WikiArt,all,1851,Impressionism,1382,1858,data/wikiart/Impressionism/wikiart_001851.jpg
WikiArt,all,1852,Impressionism,1665,1382,data/wikiart/Impressionism/wikiart_001852.jpg
WikiArt,all,1853,Realism,2094,1382,data/wikiart/Realism/wikiart_001853.jpg
WikiArt,all,1854,Impressionism,1382,1830,data/wikiart/Impressionism/wikiart_001854.jpg
WikiArt,all,1855,Art_Nouveau,2144,1382,data/wikiart/Art_Nouveau/wikiart_001855.jpg
WikiArt,all,1856,Realism,2071,1382,data/wikiart/Realism/wikiart_001856.jpg
WikiArt,all,1857,Post_Impressionism,1382,1531,data/wikiart/Post_Impressionism/wikiart_001857.jpg
WikiArt,all,1858,Symbolism,1855,1382,data/wikiart/Symbolism/wikiart_001858.jpg
WikiArt,all,1859,Expressionism,1939,1382,data/wikiart/Expressionism/wikiart_001859.jpg
WikiArt,all,1860,Realism,1839,1382,data/wikiart/Realism/wikiart_001860.jpg
WikiArt,all,1861,Impressionism,1382,1767,data/wikiart/Impressionism/wikiart_001861.jpg
WikiArt,all,1862,Symbolism,1847,1382,data/wikiart/Symbolism/wikiart_001862.jpg
WikiArt,all,1863,Post_Impressionism,1692,1382,data/wikiart/Post_Impressionism/wikiart_001863.jpg
WikiArt,all,1864,Realism,1382,1704,data/wikiart/Realism/wikiart_001864.jpg
WikiArt,all,1865,Impressionism,1382,1768,data/wikiart/Impressionism/wikiart_001865.jpg
WikiArt,all,1866,Romanticism,1916,1382,data/wikiart/Romanticism/wikiart_001866.jpg
WikiArt,all,1867,Realism,2119,1382,data/wikiart/Realism/wikiart_001867.jpg
WikiArt,all,1868,Expressionism,1382,2249,data/wikiart/Expressionism/wikiart_001868.jpg
WikiArt,all,1869,Realism,1869,1382,data/wikiart/Realism/wikiart_001869.jpg
WikiArt,all,1870,Realism,1382,2490,data/wikiart/Realism/wikiart_001870.jpg
WikiArt,all,1871,Impressionism,2492,1382,data/wikiart/Impressionism/wikiart_001871.jpg
WikiArt,all,1872,Naive_Art_Primitivism,1382,1645,data/wikiart/Naive_Art_Primitivism/wikiart_001872.jpg
WikiArt,all,1873,Impressionism,2347,1382,data/wikiart/Impressionism/wikiart_001873.jpg
WikiArt,all,1874,Naive_Art_Primitivism,1382,1612,data/wikiart/Naive_Art_Primitivism/wikiart_001874.jpg
WikiArt,all,1875,Romanticism,2247,1382,data/wikiart/Romanticism/wikiart_001875.jpg
WikiArt,all,1876,Impressionism,2287,1382,data/wikiart/Impressionism/wikiart_001876.jpg
WikiArt,all,1877,Northern_Renaissance,1382,1976,data/wikiart/Northern_Renaissance/wikiart_001877.jpg
WikiArt,all,1878,Naive_Art_Primitivism,1382,1951,data/wikiart/Naive_Art_Primitivism/wikiart_001878.jpg
WikiArt,all,1879,Realism,2291,1382,data/wikiart/Realism/wikiart_001879.jpg
WikiArt,all,1880,Baroque,1938,1382,data/wikiart/Baroque/wikiart_001880.jpg
WikiArt,all,1881,Cubism,1401,1382,data/wikiart/Cubism/wikiart_001881.jpg
WikiArt,all,1882,Art_Nouveau,1382,1655,data/wikiart/Art_Nouveau/wikiart_001882.jpg
WikiArt,all,1883,Post_Impressionism,1677,1382,data/wikiart/Post_Impressionism/wikiart_001883.jpg
WikiArt,all,1884,Impressionism,1382,1675,data/wikiart/Impressionism/wikiart_001884.jpg
WikiArt,all,1885,Realism,1382,1388,data/wikiart/Realism/wikiart_001885.jpg
WikiArt,all,1886,Realism,1382,1774,data/wikiart/Realism/wikiart_001886.jpg
WikiArt,all,1887,Impressionism,1712,1382,data/wikiart/Impressionism/wikiart_001887.jpg
WikiArt,all,1888,Impressionism,1720,1382,data/wikiart/Impressionism/wikiart_001888.jpg
WikiArt,all,1889,Realism,1382,2394,data/wikiart/Realism/wikiart_001889.jpg
WikiArt,all,1890,Post_Impressionism,1382,1578,data/wikiart/Post_Impressionism/wikiart_001890.jpg
WikiArt,all,1891,Impressionism,1975,1382,data/wikiart/Impressionism/wikiart_001891.jpg
WikiArt,all,1892,Realism,2056,1381,data/wikiart/Realism/wikiart_001892.jpg
WikiArt,all,1893,Realism,1382,1445,data/wikiart/Realism/wikiart_001893.jpg
WikiArt,all,1894,Symbolism,2405,1382,data/wikiart/Symbolism/wikiart_001894.jpg
WikiArt,all,1895,Impressionism,1704,1382,data/wikiart/Impressionism/wikiart_001895.jpg
WikiArt,all,1896,Realism,2329,1382,data/wikiart/Realism/wikiart_001896.jpg
WikiArt,all,1897,Post_Impressionism,1382,1948,data/wikiart/Post_Impressionism/wikiart_001897.jpg
WikiArt,all,1898,Realism,1904,1382,data/wikiart/Realism/wikiart_001898.jpg
WikiArt,all,1899,Art_Nouveau,2165,1382,data/wikiart/Art_Nouveau/wikiart_001899.jpg
WikiArt,all,1900,Post_Impressionism,1776,1382,data/wikiart/Post_Impressionism/wikiart_001900.jpg
WikiArt,all,1901,Romanticism,1382,1984,data/wikiart/Romanticism/wikiart_001901.jpg
WikiArt,all,1902,Naive_Art_Primitivism,1382,2121,data/wikiart/Naive_Art_Primitivism/wikiart_001902.jpg
WikiArt,all,1903,Impressionism,1653,1382,data/wikiart/Impressionism/wikiart_001903.jpg
WikiArt,all,1904,Realism,1382,1793,data/wikiart/Realism/wikiart_001904.jpg
WikiArt,all,1905,Impressionism,1984,1382,data/wikiart/Impressionism/wikiart_001905.jpg
WikiArt,all,1906,Northern_Renaissance,2116,1382,data/wikiart/Northern_Renaissance/wikiart_001906.jpg
WikiArt,all,1907,Baroque,1382,1823,data/wikiart/Baroque/wikiart_001907.jpg
WikiArt,all,1908,Post_Impressionism,1382,1457,data/wikiart/Post_Impressionism/wikiart_001908.jpg
WikiArt,all,1909,Realism,2223,1382,data/wikiart/Realism/wikiart_001909.jpg
WikiArt,all,1910,Post_Impressionism,1382,1676,data/wikiart/Post_Impressionism/wikiart_001910.jpg
WikiArt,all,1911,Realism,1382,2068,data/wikiart/Realism/wikiart_001911.jpg
WikiArt,all,1912,Impressionism,1382,1741,data/wikiart/Impressionism/wikiart_001912.jpg
WikiArt,all,1913,Impressionism,2038,1382,data/wikiart/Impressionism/wikiart_001913.jpg
WikiArt,all,1914,Art_Nouveau,1703,1382,data/wikiart/Art_Nouveau/wikiart_001914.jpg
WikiArt,all,1915,Post_Impressionism,1382,1766,data/wikiart/Post_Impressionism/wikiart_001915.jpg
WikiArt,all,1916,Romanticism,1382,1846,data/wikiart/Romanticism/wikiart_001916.jpg
WikiArt,all,1917,Impressionism,1643,1382,data/wikiart/Impressionism/wikiart_001917.jpg
WikiArt,all,1918,Synthetic_Cubism,1382,1811,data/wikiart/Synthetic_Cubism/wikiart_001918.jpg
WikiArt,all,1919,Symbolism,2349,1382,data/wikiart/Symbolism/wikiart_001919.jpg
WikiArt,all,1920,Impressionism,1381,2063,data/wikiart/Impressionism/wikiart_001920.jpg
WikiArt,all,1921,Northern_Renaissance,1382,2145,data/wikiart/Northern_Renaissance/wikiart_001921.jpg
WikiArt,all,1922,Impressionism,2051,1382,data/wikiart/Impressionism/wikiart_001922.jpg
WikiArt,all,1923,Impressionism,1712,1382,data/wikiart/Impressionism/wikiart_001923.jpg
WikiArt,all,1924,Impressionism,1747,1382,data/wikiart/Impressionism/wikiart_001924.jpg
WikiArt,all,1925,Realism,1382,1553,data/wikiart/Realism/wikiart_001925.jpg
WikiArt,all,1926,Impressionism,1382,1702,data/wikiart/Impressionism/wikiart_001926.jpg
WikiArt,all,1927,Expressionism,1865,1382,data/wikiart/Expressionism/wikiart_001927.jpg
WikiArt,all,1928,Impressionism,1382,1865,data/wikiart/Impressionism/wikiart_001928.jpg
WikiArt,all,1929,Impressionism,1382,1955,data/wikiart/Impressionism/wikiart_001929.jpg
WikiArt,all,1930,Impressionism,1618,1382,data/wikiart/Impressionism/wikiart_001930.jpg
WikiArt,all,1931,Post_Impressionism,2233,1382,data/wikiart/Post_Impressionism/wikiart_001931.jpg
WikiArt,all,1932,Realism,1382,2052,data/wikiart/Realism/wikiart_001932.jpg
WikiArt,all,1933,Expressionism,1382,1539,data/wikiart/Expressionism/wikiart_001933.jpg
WikiArt,all,1934,Baroque,1382,1494,data/wikiart/Baroque/wikiart_001934.jpg
WikiArt,all,1935,Northern_Renaissance,1382,2147,data/wikiart/Northern_Renaissance/wikiart_001935.jpg
WikiArt,all,1936,Romanticism,1382,1882,data/wikiart/Romanticism/wikiart_001936.jpg
WikiArt,all,1937,Post_Impressionism,1382,1831,data/wikiart/Post_Impressionism/wikiart_001937.jpg
WikiArt,all,1938,Art_Nouveau,1382,2180,data/wikiart/Art_Nouveau/wikiart_001938.jpg
WikiArt,all,1939,Impressionism,1976,1382,data/wikiart/Impressionism/wikiart_001939.jpg
WikiArt,all,1940,Art_Nouveau,1382,2145,data/wikiart/Art_Nouveau/wikiart_001940.jpg
WikiArt,all,1941,Art_Nouveau,1382,1675,data/wikiart/Art_Nouveau/wikiart_001941.jpg
WikiArt,all,1942,Romanticism,1382,1966,data/wikiart/Romanticism/wikiart_001942.jpg
WikiArt,all,1943,Romanticism,1382,1732,data/wikiart/Romanticism/wikiart_001943.jpg
WikiArt,all,1944,Romanticism,1382,1820,data/wikiart/Romanticism/wikiart_001944.jpg
WikiArt,all,1945,Baroque,1382,1471,data/wikiart/Baroque/wikiart_001945.jpg
WikiArt,all,1946,Impressionism,1382,1673,data/wikiart/Impressionism/wikiart_001946.jpg
WikiArt,all,1947,Realism,1733,1382,data/wikiart/Realism/wikiart_001947.jpg
WikiArt,all,1948,Symbolism,2195,1382,data/wikiart/Symbolism/wikiart_001948.jpg
WikiArt,all,1949,Impressionism,1382,1636,data/wikiart/Impressionism/wikiart_001949.jpg
WikiArt,all,1950,Baroque,2189,1382,data/wikiart/Baroque/wikiart_001950.jpg
WikiArt,all,1951,Realism,2096,1382,data/wikiart/Realism/wikiart_001951.jpg
WikiArt,all,1952,Realism,1382,1982,data/wikiart/Realism/wikiart_001952.jpg
WikiArt,all,1953,Impressionism,2392,1382,data/wikiart/Impressionism/wikiart_001953.jpg
WikiArt,all,1954,Realism,2699,1382,data/wikiart/Realism/wikiart_001954.jpg
WikiArt,all,1955,Impressionism,1382,1662,data/wikiart/Impressionism/wikiart_001955.jpg
WikiArt,all,1956,Symbolism,2346,1382,data/wikiart/Symbolism/wikiart_001956.jpg
WikiArt,all,1957,Realism,3653,1382,data/wikiart/Realism/wikiart_001957.jpg
WikiArt,all,1958,Naive_Art_Primitivism,1657,1382,data/wikiart/Naive_Art_Primitivism/wikiart_001958.jpg
WikiArt,all,1959,Post_Impressionism,2085,1382,data/wikiart/Post_Impressionism/wikiart_001959.jpg
WikiArt,all,1960,Naive_Art_Primitivism,1382,1793,data/wikiart/Naive_Art_Primitivism/wikiart_001960.jpg
WikiArt,all,1961,Symbolism,2138,1382,data/wikiart/Symbolism/wikiart_001961.jpg
WikiArt,all,1962,Realism,3030,1382,data/wikiart/Realism/wikiart_001962.jpg
WikiArt,all,1963,Impressionism,1796,1382,data/wikiart/Impressionism/wikiart_001963.jpg
WikiArt,all,1964,Romanticism,2090,1382,data/wikiart/Romanticism/wikiart_001964.jpg
WikiArt,all,1965,Cubism,1382,1793,data/wikiart/Cubism/wikiart_001965.jpg
WikiArt,all,1966,Romanticism,1382,1716,data/wikiart/Romanticism/wikiart_001966.jpg
WikiArt,all,1967,Impressionism,2247,1382,data/wikiart/Impressionism/wikiart_001967.jpg
WikiArt,all,1968,Impressionism,1695,1382,data/wikiart/Impressionism/wikiart_001968.jpg
WikiArt,all,1969,Realism,2273,1382,data/wikiart/Realism/wikiart_001969.jpg
WikiArt,all,1970,Realism,1581,1382,data/wikiart/Realism/wikiart_001970.jpg
WikiArt,all,1971,Impressionism,1735,1382,data/wikiart/Impressionism/wikiart_001971.jpg
WikiArt,all,1972,Impressionism,1382,1807,data/wikiart/Impressionism/wikiart_001972.jpg
WikiArt,all,1973,Symbolism,2058,1382,data/wikiart/Symbolism/wikiart_001973.jpg
WikiArt,all,1974,Realism,2170,1382,data/wikiart/Realism/wikiart_001974.jpg
WikiArt,all,1975,Cubism,1382,1957,data/wikiart/Cubism/wikiart_001975.jpg
WikiArt,all,1976,Realism,1382,1988,data/wikiart/Realism/wikiart_001976.jpg
WikiArt,all,1977,Symbolism,2066,1382,data/wikiart/Symbolism/wikiart_001977.jpg
WikiArt,all,1978,Expressionism,1810,1382,data/wikiart/Expressionism/wikiart_001978.jpg
WikiArt,all,1979,Expressionism,1382,1488,data/wikiart/Expressionism/wikiart_001979.jpg
WikiArt,all,1980,Naive_Art_Primitivism,1382,1879,data/wikiart/Naive_Art_Primitivism/wikiart_001980.jpg
WikiArt,all,1981,Romanticism,1522,1382,data/wikiart/Romanticism/wikiart_001981.jpg
WikiArt,all,1982,Post_Impressionism,1723,1382,data/wikiart/Post_Impressionism/wikiart_001982.jpg
WikiArt,all,1983,Symbolism,1826,1382,data/wikiart/Symbolism/wikiart_001983.jpg
WikiArt,all,1984,Northern_Renaissance,1382,1894,data/wikiart/Northern_Renaissance/wikiart_001984.jpg
WikiArt,all,1985,Romanticism,1867,1382,data/wikiart/Romanticism/wikiart_001985.jpg
WikiArt,all,1986,Impressionism,1681,1382,data/wikiart/Impressionism/wikiart_001986.jpg
WikiArt,all,1987,Realism,2277,1382,data/wikiart/Realism/wikiart_001987.jpg
WikiArt,all,1988,Realism,1382,2441,data/wikiart/Realism/wikiart_001988.jpg
WikiArt,all,1989,Post_Impressionism,2327,1382,data/wikiart/Post_Impressionism/wikiart_001989.jpg
WikiArt,all,1990,Impressionism,1730,1382,data/wikiart/Impressionism/wikiart_001990.jpg
WikiArt,all,1991,Northern_Renaissance,1382,2019,data/wikiart/Northern_Renaissance/wikiart_001991.jpg
WikiArt,all,1992,Impressionism,1382,2097,data/wikiart/Impressionism/wikiart_001992.jpg
WikiArt,all,1993,Cubism,2641,1382,data/wikiart/Cubism/wikiart_001993.jpg
WikiArt,all,1994,Impressionism,2022,1382,data/wikiart/Impressionism/wikiart_001994.jpg
WikiArt,all,1995,Realism,1725,1382,data/wikiart/Realism/wikiart_001995.jpg
WikiArt,all,1996,Realism,2038,1382,data/wikiart/Realism/wikiart_001996.jpg
WikiArt,all,1997,Impressionism,1691,1382,data/wikiart/Impressionism/wikiart_001997.jpg
WikiArt,all,1998,Impressionism,1992,1382,data/wikiart/Impressionism/wikiart_001998.jpg
WikiArt,all,1999,Impressionism,1382,1739,data/wikiart/Impressionism/wikiart_001999.jpg
